=================================================================
🌅 PredSea Daily End-to-End Orchestrator Initialized
📅 Run Date: 2026-08-08
🆔 Run ID: 2026-08-08T2021Z
💻 Spot VM Instance Name: predsea-sim-20260808-202122
📦 GCS Bucket: predsea-daily-outputs-test
📌 Zone: europe-west1-b | Machine: n2-standard-64
🕒 Forecast: 72h hourly | WRF VM timeout: 4.0h | Basin-SWAN VM timeout: 18.0h | Batch timeout: 12.0h | disk: 350GB
🐳 Image Tag: latest
⚠️ Dry-run: False
=================================================================

============================================================
👉 [STEP] 1. Fetching boundaries (ECMWF & CMEMS)
============================================================
🧹 Cleaning old forcing files from gs://predsea-daily-outputs-test/forcing/ecmwf/2026-08-08/...
🧹 Removed local stale forcing file: /Users/charles.santana/Kultrip/predsea-system/simulation/inputs/ecmwf_pl_2026-08-08_00Z.grib2
Running: /Users/charles.santana/Kultrip/predsea-system/.venv311/bin/python /Users/charles.santana/Kultrip/predsea-system/scripts/fetch_ecmwf_forcing.py --run-date=2026-08-08 --lead-hours=72 --gcs-bucket=predsea-daily-outputs-test --skip-if-exists
🚀 Attempting fetch for 2026-08-08 00Z (Lead: 72h)...
=============================================
📥 Fetching ECMWF Open Data (IFS)
📅 Target Run: 2026-08-08 @ 00Z
⏱️ Forecast Steps: [0, 3, 6, 9, 12, 15, 18, 21, 24, 27, 30, 33, 36, 39, 42, 45, 48, 51, 54, 57, 60, 63, 66, 69, 72]
📁 Local Directory: simulation/inputs
=============================================
To ensure the stability of our systems and to preserve resources for our operational activities (network, compute, etc.), access to the open-data portal is limited to 500 simultaneous connections. This limit helps us guarantee reliable service for our operational users, especially during periods of high demand. For added reliability, the open-data is replicated across AWS, Azure, and Google Cloud. If you experience difficulties accessing the portal directly, you can also retrieve the data from these cloud platforms.
📡 Downloading pressure level variables ['z', 't', 'r', 'u', 'v']...

<multiple>:   0%|          | 0.00/942M [00:00<?, ?B/s]
<multiple>:   0%|          | 14.1k/942M [00:00<5:40:29, 48.4kB/s]
<multiple>:   0%|          | 206k/942M [00:00<24:45, 665kB/s]    
<multiple>:   0%|          | 430k/942M [00:00<13:59, 1.18MB/s]
<multiple>:   0%|          | 750k/942M [00:00<09:06, 1.81MB/s]
<multiple>:   0%|          | 1.11M/942M [00:00<06:43, 2.44MB/s]
<multiple>:   0%|          | 1.48M/942M [00:00<05:41, 2.89MB/s]
<multiple>:   0%|          | 1.86M/942M [00:00<05:09, 3.18MB/s]
<multiple>:   0%|          | 2.27M/942M [00:01<04:46, 3.44MB/s]
<multiple>:   0%|          | 2.74M/942M [00:01<04:14, 3.87MB/s]
<multiple>:   0%|          | 3.24M/942M [00:01<03:53, 4.21MB/s]
<multiple>:   0%|          | 3.83M/942M [00:01<03:27, 4.74MB/s]
<multiple>:   1%|          | 4.72M/942M [00:01<02:43, 6.03MB/s]
<multiple>:   1%|          | 5.55M/942M [00:01<02:24, 6.80MB/s]
<multiple>:   1%|          | 6.51M/942M [00:01<02:06, 7.74MB/s]
<multiple>:   1%|          | 7.26M/942M [00:01<02:16, 7.17MB/s]
<multiple>:   1%|          | 7.96M/942M [00:01<02:25, 6.74MB/s]
<multiple>:   1%|          | 8.74M/942M [00:01<02:20, 6.96MB/s]
<multiple>:   1%|          | 9.49M/942M [00:02<02:15, 7.20MB/s]
<multiple>:   1%|          | 10.3M/942M [00:02<02:10, 7.51MB/s]
<multiple>:   1%|          | 11.2M/942M [00:02<02:02, 7.98MB/s]
<multiple>:   1%|▏         | 12.2M/942M [00:02<01:55, 8.43MB/s]
<multiple>:   1%|▏         | 13.1M/942M [00:02<01:52, 8.68MB/s]
<multiple>:   1%|▏         | 14.0M/942M [00:02<01:49, 8.88MB/s]
<multiple>:   2%|▏         | 14.9M/942M [00:02<01:47, 9.06MB/s]
<multiple>:   2%|▏         | 15.8M/942M [00:02<01:46, 9.09MB/s]
<multiple>:   2%|▏         | 16.7M/942M [00:02<02:00, 8.04MB/s]
<multiple>:   2%|▏         | 17.5M/942M [00:03<02:08, 7.56MB/s]
<multiple>:   2%|▏         | 18.5M/942M [00:03<01:57, 8.25MB/s]
<multiple>:   2%|▏         | 19.3M/942M [00:03<01:58, 8.19MB/s]
<multiple>:   2%|▏         | 20.2M/942M [00:03<01:54, 8.45MB/s]
<multiple>:   2%|▏         | 21.1M/942M [00:03<01:52, 8.62MB/s]
<multiple>:   2%|▏         | 22.0M/942M [00:03<01:47, 8.95MB/s]
<multiple>:   2%|▏         | 22.9M/942M [00:03<01:48, 8.86MB/s]
<multiple>:   3%|▎         | 23.8M/942M [00:03<01:44, 9.19MB/s]
<multiple>:   3%|▎         | 24.8M/942M [00:03<01:45, 9.12MB/s]
<multiple>:   3%|▎         | 25.6M/942M [00:04<01:47, 8.96MB/s]
<multiple>:   3%|▎         | 26.5M/942M [00:04<01:47, 8.91MB/s]
<multiple>:   3%|▎         | 27.4M/942M [00:04<01:58, 8.07MB/s]
<multiple>:   3%|▎         | 28.2M/942M [00:04<02:14, 7.15MB/s]
<multiple>:   3%|▎         | 29.0M/942M [00:04<02:06, 7.56MB/s]
<multiple>:   3%|▎         | 29.9M/942M [00:04<02:00, 7.96MB/s]
<multiple>:   3%|▎         | 30.7M/942M [00:04<02:01, 7.85MB/s]
<multiple>:   3%|▎         | 31.6M/942M [00:04<01:55, 8.24MB/s]
<multiple>:   3%|▎         | 32.5M/942M [00:04<01:50, 8.60MB/s]
<multiple>:   4%|▎         | 33.3M/942M [00:05<01:50, 8.62MB/s]
<multiple>:   4%|▎         | 34.2M/942M [00:05<01:59, 7.97MB/s]
<multiple>:   4%|▎         | 35.0M/942M [00:05<02:30, 6.32MB/s]
<multiple>:   4%|▍         | 36.2M/942M [00:05<01:58, 7.99MB/s]
<multiple>:   4%|▍         | 37.1M/942M [00:05<01:56, 8.17MB/s]
<multiple>:   4%|▍         | 38.0M/942M [00:06<04:42, 3.36MB/s]
<multiple>:   4%|▍         | 38.9M/942M [00:06<03:48, 4.15MB/s]
<multiple>:   4%|▍         | 39.7M/942M [00:06<03:15, 4.84MB/s]
<multiple>:   4%|▍         | 40.6M/942M [00:06<02:46, 5.68MB/s]
<multiple>:   4%|▍         | 41.5M/942M [00:06<02:26, 6.43MB/s]
<multiple>:   5%|▍         | 42.4M/942M [00:06<02:12, 7.10MB/s]
<multiple>:   5%|▍         | 43.4M/942M [00:06<01:59, 7.86MB/s]
<multiple>:   5%|▍         | 44.3M/942M [00:06<02:02, 7.71MB/s]
<multiple>:   5%|▍         | 45.2M/942M [00:07<01:56, 8.10MB/s]
<multiple>:   5%|▍         | 46.1M/942M [00:07<02:21, 6.64MB/s]
<multiple>:   5%|▌         | 47.7M/942M [00:07<01:44, 8.98MB/s]
<multiple>:   5%|▌         | 48.7M/942M [00:07<01:43, 9.02MB/s]
<multiple>:   5%|▌         | 49.6M/942M [00:07<01:43, 9.07MB/s]
<multiple>:   5%|▌         | 50.6M/942M [00:07<01:41, 9.19MB/s]
<multiple>:   5%|▌         | 51.5M/942M [00:07<01:46, 8.76MB/s]
<multiple>:   6%|▌         | 52.4M/942M [00:07<01:47, 8.72MB/s]
<multiple>:   6%|▌         | 53.3M/942M [00:08<01:44, 8.88MB/s]
<multiple>:   6%|▌         | 54.2M/942M [00:08<01:44, 8.95MB/s]
<multiple>:   6%|▌         | 55.1M/942M [00:08<01:41, 9.15MB/s]
<multiple>:   6%|▌         | 56.0M/942M [00:08<01:40, 9.21MB/s]
<multiple>:   6%|▌         | 57.0M/942M [00:08<01:41, 9.11MB/s]
<multiple>:   6%|▌         | 57.9M/942M [00:08<01:41, 9.15MB/s]
<multiple>:   6%|▌         | 58.8M/942M [00:08<01:40, 9.22MB/s]
<multiple>:   6%|▋         | 59.7M/942M [00:08<01:40, 9.25MB/s]
<multiple>:   6%|▋         | 60.6M/942M [00:08<01:41, 9.15MB/s]
<multiple>:   7%|▋         | 61.4M/942M [00:08<01:40, 9.20MB/s]
<multiple>:   7%|▋         | 62.4M/942M [00:09<01:39, 9.27MB/s]
<multiple>:   7%|▋         | 63.3M/942M [00:09<01:37, 9.42MB/s]
<multiple>:   7%|▋         | 64.2M/942M [00:09<01:41, 9.06MB/s]
<multiple>:   7%|▋         | 65.1M/942M [00:09<01:42, 8.96MB/s]
<multiple>:   7%|▋         | 66.0M/942M [00:09<01:45, 8.72MB/s]
<multiple>:   7%|▋         | 66.8M/942M [00:09<01:48, 8.45MB/s]
<multiple>:   7%|▋         | 67.7M/942M [00:09<01:46, 8.60MB/s]
<multiple>:   7%|▋         | 68.5M/942M [00:09<01:53, 8.04MB/s]
<multiple>:   7%|▋         | 69.3M/942M [00:09<01:54, 7.97MB/s]
<multiple>:   7%|▋         | 70.2M/942M [00:10<01:48, 8.41MB/s]
<multiple>:   8%|▊         | 71.2M/942M [00:10<01:44, 8.78MB/s]
<multiple>:   8%|▊         | 72.1M/942M [00:10<01:43, 8.86MB/s]
<multiple>:   8%|▊         | 72.9M/942M [00:10<01:43, 8.81MB/s]
<multiple>:   8%|▊         | 73.9M/942M [00:10<01:39, 9.12MB/s]
<multiple>:   8%|▊         | 74.8M/942M [00:10<01:40, 9.04MB/s]
<multiple>:   8%|▊         | 75.6M/942M [00:11<04:20, 3.49MB/s]
<multiple>:   8%|▊         | 76.3M/942M [00:11<04:08, 3.66MB/s]
<multiple>:   8%|▊         | 77.0M/942M [00:11<03:38, 4.15MB/s]
<multiple>:   8%|▊         | 77.7M/942M [00:11<03:12, 4.71MB/s]
<multiple>:   8%|▊         | 78.4M/942M [00:11<02:58, 5.06MB/s]
<multiple>:   8%|▊         | 79.4M/942M [00:11<02:25, 6.20MB/s]
<multiple>:   9%|▊         | 80.1M/942M [00:11<02:18, 6.53MB/s]
<multiple>:   9%|▊         | 80.9M/942M [00:12<02:16, 6.64MB/s]
<multiple>:   9%|▊         | 81.8M/942M [00:12<02:01, 7.43MB/s]
<multiple>:   9%|▉         | 82.6M/942M [00:12<02:02, 7.37MB/s]
<multiple>:   9%|▉         | 83.3M/942M [00:12<02:03, 7.28MB/s]
<multiple>:   9%|▉         | 84.2M/942M [00:12<01:55, 7.80MB/s]
<multiple>:   9%|▉         | 85.1M/942M [00:12<01:50, 8.17MB/s]
<multiple>:   9%|▉         | 86.0M/942M [00:12<01:45, 8.53MB/s]
<multiple>:   9%|▉         | 86.8M/942M [00:12<01:44, 8.57MB/s]
<multiple>:   9%|▉         | 87.7M/942M [00:12<01:43, 8.63MB/s]
<multiple>:   9%|▉         | 88.6M/942M [00:12<01:42, 8.70MB/s]
<multiple>:   9%|▉         | 89.4M/942M [00:13<01:42, 8.69MB/s]
<multiple>:  10%|▉         | 90.3M/942M [00:13<01:42, 8.75MB/s]
<multiple>:  10%|▉         | 91.1M/942M [00:13<02:03, 7.24MB/s]
<multiple>:  10%|▉         | 92.6M/942M [00:13<01:37, 9.10MB/s]
<multiple>:  10%|▉         | 93.5M/942M [00:13<01:36, 9.24MB/s]
<multiple>:  10%|█         | 94.5M/942M [00:13<01:37, 9.13MB/s]
<multiple>:  10%|█         | 95.4M/942M [00:13<01:38, 9.03MB/s]
<multiple>:  10%|█         | 96.3M/942M [00:13<01:37, 9.08MB/s]
<multiple>:  10%|█         | 97.2M/942M [00:13<01:35, 9.28MB/s]
<multiple>:  10%|█         | 98.1M/942M [00:14<01:35, 9.25MB/s]
<multiple>:  11%|█         | 99.0M/942M [00:14<01:37, 9.08MB/s]
<multiple>:  11%|█         | 99.9M/942M [00:14<01:38, 8.95MB/s]
<multiple>:  11%|█         | 101M/942M [00:14<01:35, 9.24MB/s] 
<multiple>:  11%|█         | 102M/942M [00:14<01:35, 9.20MB/s]
<multiple>:  11%|█         | 103M/942M [00:14<01:37, 8.99MB/s]
<multiple>:  11%|█         | 104M/942M [00:14<01:38, 8.90MB/s]
<multiple>:  11%|█         | 104M/942M [00:14<01:40, 8.77MB/s]
<multiple>:  11%|█         | 105M/942M [00:14<01:40, 8.77MB/s]
<multiple>:  11%|█▏        | 106M/942M [00:15<01:38, 8.94MB/s]
<multiple>:  11%|█▏        | 107M/942M [00:15<01:36, 9.10MB/s]
<multiple>:  11%|█▏        | 108M/942M [00:15<01:35, 9.18MB/s]
<multiple>:  12%|█▏        | 109M/942M [00:15<01:33, 9.36MB/s]
<multiple>:  12%|█▏        | 110M/942M [00:15<01:31, 9.49MB/s]
<multiple>:  12%|█▏        | 111M/942M [00:15<01:30, 9.65MB/s]
<multiple>:  12%|█▏        | 112M/942M [00:15<01:32, 9.38MB/s]
<multiple>:  12%|█▏        | 113M/942M [00:15<01:58, 7.35MB/s]
<multiple>:  12%|█▏        | 113M/942M [00:16<03:52, 3.74MB/s]
<multiple>:  12%|█▏        | 114M/942M [00:16<03:36, 4.00MB/s]
<multiple>:  12%|█▏        | 115M/942M [00:16<03:05, 4.67MB/s]
<multiple>:  12%|█▏        | 116M/942M [00:16<02:33, 5.66MB/s]
<multiple>:  12%|█▏        | 117M/942M [00:16<02:16, 6.32MB/s]
<multiple>:  12%|█▏        | 118M/942M [00:16<01:58, 7.28MB/s]
<multiple>:  13%|█▎        | 119M/942M [00:16<01:49, 7.86MB/s]
<multiple>:  13%|█▎        | 119M/942M [00:17<01:44, 8.23MB/s]
<multiple>:  13%|█▎        | 120M/942M [00:17<01:40, 8.61MB/s]
<multiple>:  13%|█▎        | 121M/942M [00:17<01:35, 9.00MB/s]
<multiple>:  13%|█▎        | 122M/942M [00:17<01:40, 8.58MB/s]
<multiple>:  13%|█▎        | 123M/942M [00:17<01:36, 8.90MB/s]
<multiple>:  13%|█▎        | 124M/942M [00:17<01:35, 9.01MB/s]
<multiple>:  13%|█▎        | 125M/942M [00:17<01:45, 8.13MB/s]
<multiple>:  13%|█▎        | 126M/942M [00:18<02:21, 6.03MB/s]
<multiple>:  14%|█▎        | 127M/942M [00:18<01:46, 8.00MB/s]
<multiple>:  14%|█▎        | 128M/942M [00:18<01:41, 8.42MB/s]
<multiple>:  14%|█▎        | 129M/942M [00:18<01:38, 8.64MB/s]
<multiple>:  14%|█▍        | 130M/942M [00:18<01:36, 8.86MB/s]
<multiple>:  14%|█▍        | 131M/942M [00:18<01:36, 8.85MB/s]
<multiple>:  14%|█▍        | 132M/942M [00:18<01:34, 9.03MB/s]
<multiple>:  14%|█▍        | 133M/942M [00:18<01:35, 8.88MB/s]
<multiple>:  14%|█▍        | 134M/942M [00:18<02:06, 6.72MB/s]
<multiple>:  14%|█▍        | 135M/942M [00:19<02:14, 6.31MB/s]
<multiple>:  14%|█▍        | 135M/942M [00:19<02:14, 6.30MB/s]
<multiple>:  14%|█▍        | 136M/942M [00:19<02:34, 5.48MB/s]
<multiple>:  14%|█▍        | 136M/942M [00:19<02:40, 5.25MB/s]
<multiple>:  15%|█▍        | 137M/942M [00:19<03:10, 4.44MB/s]
<multiple>:  15%|█▍        | 138M/942M [00:20<05:09, 2.73MB/s]
<multiple>:  15%|█▍        | 138M/942M [00:20<04:34, 3.08MB/s]
<multiple>:  15%|█▍        | 139M/942M [00:20<04:28, 3.14MB/s]
<multiple>:  15%|█▍        | 139M/942M [00:20<04:04, 3.44MB/s]
<multiple>:  15%|█▍        | 139M/942M [00:20<03:57, 3.54MB/s]
<multiple>:  15%|█▍        | 140M/942M [00:20<03:51, 3.63MB/s]
<multiple>:  15%|█▍        | 140M/942M [00:20<03:35, 3.91MB/s]
<multiple>:  15%|█▍        | 141M/942M [00:20<03:26, 4.07MB/s]
<multiple>:  15%|█▍        | 141M/942M [00:21<03:12, 4.36MB/s]
<multiple>:  15%|█▌        | 142M/942M [00:21<02:50, 4.91MB/s]
<multiple>:  15%|█▌        | 142M/942M [00:21<02:33, 5.46MB/s]
<multiple>:  15%|█▌        | 143M/942M [00:21<02:19, 6.01MB/s]
<multiple>:  15%|█▌        | 144M/942M [00:21<02:33, 5.45MB/s]
<multiple>:  15%|█▌        | 144M/942M [00:21<02:29, 5.59MB/s]
<multiple>:  15%|█▌        | 145M/942M [00:21<02:17, 6.08MB/s]
<multiple>:  15%|█▌        | 146M/942M [00:21<02:17, 6.10MB/s]
<multiple>:  16%|█▌        | 146M/942M [00:21<02:10, 6.41MB/s]
<multiple>:  16%|█▌        | 147M/942M [00:22<02:12, 6.28MB/s]
<multiple>:  16%|█▌        | 148M/942M [00:22<02:13, 6.26MB/s]
<multiple>:  16%|█▌        | 148M/942M [00:22<02:25, 5.71MB/s]
<multiple>:  16%|█▌        | 149M/942M [00:22<02:25, 5.71MB/s]
<multiple>:  16%|█▌        | 150M/942M [00:22<02:48, 4.95MB/s]
<multiple>:  16%|█▌        | 150M/942M [00:22<03:07, 4.44MB/s]
<multiple>:  16%|█▌        | 150M/942M [00:22<03:33, 3.88MB/s]
<multiple>:  16%|█▌        | 151M/942M [00:22<03:20, 4.14MB/s]
<multiple>:  16%|█▌        | 151M/942M [00:24<11:12, 1.23MB/s]
<multiple>:  16%|█▌        | 152M/942M [00:24<09:20, 1.48MB/s]
<multiple>:  16%|█▌        | 152M/942M [00:24<08:01, 1.72MB/s]
<multiple>:  16%|█▌        | 152M/942M [00:24<06:54, 2.00MB/s]
<multiple>:  16%|█▌        | 153M/942M [00:24<05:01, 2.75MB/s]
<multiple>:  16%|█▋        | 154M/942M [00:24<05:03, 2.73MB/s]
<multiple>:  16%|█▋        | 154M/942M [00:24<04:14, 3.25MB/s]
<multiple>:  16%|█▋        | 155M/942M [00:24<03:37, 3.80MB/s]
<multiple>:  16%|█▋        | 155M/942M [00:24<03:23, 4.06MB/s]
<multiple>:  17%|█▋        | 156M/942M [00:25<03:06, 4.42MB/s]
<multiple>:  17%|█▋        | 156M/942M [00:25<02:37, 5.25MB/s]
<multiple>:  17%|█▋        | 157M/942M [00:25<03:07, 4.40MB/s]
<multiple>:  17%|█▋        | 157M/942M [00:25<02:55, 4.70MB/s]
<multiple>:  17%|█▋        | 158M/942M [00:25<02:47, 4.91MB/s]
<multiple>:  17%|█▋        | 159M/942M [00:25<02:21, 5.81MB/s]
<multiple>:  17%|█▋        | 159M/942M [00:25<02:18, 5.93MB/s]
<multiple>:  17%|█▋        | 160M/942M [00:25<02:11, 6.26MB/s]
<multiple>:  17%|█▋        | 161M/942M [00:25<02:26, 5.58MB/s]
<multiple>:  17%|█▋        | 162M/942M [00:26<02:15, 6.04MB/s]
<multiple>:  17%|█▋        | 162M/942M [00:26<01:56, 7.01MB/s]
<multiple>:  17%|█▋        | 163M/942M [00:26<01:54, 7.13MB/s]
<multiple>:  17%|█▋        | 164M/942M [00:26<01:48, 7.51MB/s]
<multiple>:  17%|█▋        | 165M/942M [00:26<02:32, 5.35MB/s]
<multiple>:  18%|█▊        | 166M/942M [00:26<01:47, 7.56MB/s]
<multiple>:  18%|█▊        | 167M/942M [00:26<01:53, 7.18MB/s]
<multiple>:  18%|█▊        | 168M/942M [00:27<01:47, 7.58MB/s]
<multiple>:  18%|█▊        | 169M/942M [00:27<01:43, 7.86MB/s]
<multiple>:  18%|█▊        | 170M/942M [00:27<01:53, 7.16MB/s]
<multiple>:  18%|█▊        | 170M/942M [00:27<01:58, 6.86MB/s]
<multiple>:  18%|█▊        | 171M/942M [00:27<01:48, 7.42MB/s]
<multiple>:  18%|█▊        | 172M/942M [00:27<01:45, 7.65MB/s]
<multiple>:  18%|█▊        | 173M/942M [00:27<01:40, 8.03MB/s]
<multiple>:  18%|█▊        | 174M/942M [00:27<01:39, 8.11MB/s]
<multiple>:  19%|█▊        | 175M/942M [00:27<01:41, 7.90MB/s]
<multiple>:  19%|█▊        | 175M/942M [00:28<01:48, 7.39MB/s]
<multiple>:  19%|█▊        | 176M/942M [00:28<01:47, 7.51MB/s]
<multiple>:  19%|█▉        | 177M/942M [00:28<01:42, 7.85MB/s]
<multiple>:  19%|█▉        | 178M/942M [00:28<01:42, 7.85MB/s]
<multiple>:  19%|█▉        | 179M/942M [00:28<01:46, 7.56MB/s]
<multiple>:  19%|█▉        | 179M/942M [00:28<01:52, 7.12MB/s]
<multiple>:  19%|█▉        | 180M/942M [00:28<01:51, 7.18MB/s]
<multiple>:  19%|█▉        | 181M/942M [00:28<01:43, 7.72MB/s]
<multiple>:  19%|█▉        | 182M/942M [00:28<01:39, 8.00MB/s]
<multiple>:  19%|█▉        | 183M/942M [00:29<01:45, 7.58MB/s]
<multiple>:  19%|█▉        | 184M/942M [00:29<01:52, 7.10MB/s]
<multiple>:  20%|█▉        | 184M/942M [00:29<02:27, 5.41MB/s]
<multiple>:  20%|█▉        | 186M/942M [00:29<01:50, 7.21MB/s]
<multiple>:  20%|█▉        | 186M/942M [00:29<02:02, 6.45MB/s]
<multiple>:  20%|█▉        | 187M/942M [00:29<02:10, 6.09MB/s]
<multiple>:  20%|█▉        | 188M/942M [00:29<02:12, 5.97MB/s]
<multiple>:  20%|█▉        | 188M/942M [00:30<02:24, 5.47MB/s]
<multiple>:  20%|██        | 189M/942M [00:30<02:10, 6.07MB/s]
<multiple>:  20%|██        | 190M/942M [00:31<06:06, 2.15MB/s]
<multiple>:  20%|██        | 191M/942M [00:31<04:49, 2.72MB/s]
<multiple>:  20%|██        | 191M/942M [00:31<04:07, 3.19MB/s]
<multiple>:  20%|██        | 192M/942M [00:31<03:55, 3.35MB/s]
<multiple>:  20%|██        | 192M/942M [00:31<03:24, 3.84MB/s]
<multiple>:  20%|██        | 193M/942M [00:31<02:44, 4.79MB/s]
<multiple>:  21%|██        | 194M/942M [00:31<02:21, 5.54MB/s]
<multiple>:  21%|██        | 195M/942M [00:31<02:04, 6.29MB/s]
<multiple>:  21%|██        | 196M/942M [00:31<02:02, 6.42MB/s]
<multiple>:  21%|██        | 196M/942M [00:32<01:48, 7.20MB/s]
<multiple>:  21%|██        | 197M/942M [00:32<01:39, 7.85MB/s]
<multiple>:  21%|██        | 198M/942M [00:32<01:32, 8.44MB/s]
<multiple>:  21%|██        | 199M/942M [00:32<01:27, 8.94MB/s]
<multiple>:  21%|██        | 200M/942M [00:32<01:26, 8.97MB/s]
<multiple>:  21%|██▏       | 201M/942M [00:32<01:31, 8.52MB/s]
<multiple>:  21%|██▏       | 202M/942M [00:32<01:50, 7.03MB/s]
<multiple>:  22%|██▏       | 203M/942M [00:32<01:33, 8.32MB/s]
<multiple>:  22%|██▏       | 204M/942M [00:33<01:34, 8.21MB/s]
<multiple>:  22%|██▏       | 205M/942M [00:33<01:39, 7.79MB/s]
<multiple>:  22%|██▏       | 206M/942M [00:33<01:44, 7.36MB/s]
<multiple>:  22%|██▏       | 206M/942M [00:33<01:50, 6.98MB/s]
<multiple>:  22%|██▏       | 207M/942M [00:33<01:50, 6.95MB/s]
<multiple>:  22%|██▏       | 208M/942M [00:33<01:50, 6.95MB/s]
<multiple>:  22%|██▏       | 209M/942M [00:33<01:43, 7.42MB/s]
<multiple>:  22%|██▏       | 209M/942M [00:33<01:38, 7.77MB/s]
<multiple>:  22%|██▏       | 210M/942M [00:33<01:41, 7.58MB/s]
<multiple>:  22%|██▏       | 211M/942M [00:34<02:03, 6.22MB/s]
<multiple>:  23%|██▎       | 212M/942M [00:34<01:32, 8.28MB/s]
<multiple>:  23%|██▎       | 213M/942M [00:34<01:32, 8.23MB/s]
<multiple>:  23%|██▎       | 214M/942M [00:34<01:46, 7.20MB/s]
<multiple>:  23%|██▎       | 215M/942M [00:34<01:54, 6.68MB/s]
<multiple>:  23%|██▎       | 216M/942M [00:34<01:51, 6.87MB/s]
<multiple>:  23%|██▎       | 216M/942M [00:34<01:49, 6.94MB/s]
<multiple>:  23%|██▎       | 217M/942M [00:34<01:52, 6.79MB/s]
<multiple>:  23%|██▎       | 218M/942M [00:35<01:53, 6.71MB/s]
<multiple>:  23%|██▎       | 218M/942M [00:35<02:14, 5.63MB/s]
<multiple>:  23%|██▎       | 219M/942M [00:35<02:10, 5.80MB/s]
<multiple>:  23%|██▎       | 220M/942M [00:35<02:05, 6.06MB/s]
<multiple>:  23%|██▎       | 220M/942M [00:35<02:08, 5.90MB/s]
<multiple>:  23%|██▎       | 221M/942M [00:35<02:05, 6.03MB/s]
<multiple>:  23%|██▎       | 221M/942M [00:35<02:12, 5.70MB/s]
<multiple>:  24%|██▎       | 222M/942M [00:35<01:57, 6.44MB/s]
<multiple>:  24%|██▎       | 223M/942M [00:35<01:50, 6.85MB/s]
<multiple>:  24%|██▎       | 224M/942M [00:36<01:51, 6.76MB/s]
<multiple>:  24%|██▍       | 224M/942M [00:36<01:55, 6.52MB/s]
<multiple>:  24%|██▍       | 225M/942M [00:36<01:54, 6.58MB/s]
<multiple>:  24%|██▍       | 226M/942M [00:36<01:47, 6.97MB/s]
<multiple>:  24%|██▍       | 227M/942M [00:36<01:44, 7.20MB/s]
<multiple>:  24%|██▍       | 227M/942M [00:37<05:43, 2.19MB/s]
<multiple>:  24%|██▍       | 228M/942M [00:37<05:03, 2.47MB/s]
<multiple>:  24%|██▍       | 229M/942M [00:37<03:59, 3.12MB/s]
<multiple>:  24%|██▍       | 229M/942M [00:37<03:20, 3.73MB/s]
<multiple>:  24%|██▍       | 230M/942M [00:37<02:57, 4.21MB/s]
<multiple>:  24%|██▍       | 231M/942M [00:38<02:31, 4.93MB/s]
<multiple>:  25%|██▍       | 232M/942M [00:38<02:12, 5.61MB/s]
<multiple>:  25%|██▍       | 232M/942M [00:38<01:57, 6.33MB/s]
<multiple>:  25%|██▍       | 233M/942M [00:38<01:48, 6.85MB/s]
<multiple>:  25%|██▍       | 234M/942M [00:38<01:54, 6.47MB/s]
<multiple>:  25%|██▍       | 235M/942M [00:38<02:01, 6.13MB/s]
<multiple>:  25%|██▍       | 235M/942M [00:38<01:55, 6.40MB/s]
<multiple>:  25%|██▌       | 236M/942M [00:38<01:45, 7.05MB/s]
<multiple>:  25%|██▌       | 237M/942M [00:38<01:41, 7.26MB/s]
<multiple>:  25%|██▌       | 238M/942M [00:39<01:43, 7.17MB/s]
<multiple>:  25%|██▌       | 238M/942M [00:39<01:54, 6.44MB/s]
<multiple>:  25%|██▌       | 239M/942M [00:39<02:24, 5.11MB/s]
<multiple>:  25%|██▌       | 240M/942M [00:39<02:10, 5.63MB/s]
<multiple>:  26%|██▌       | 241M/942M [00:39<02:13, 5.53MB/s]
<multiple>:  26%|██▌       | 241M/942M [00:39<02:10, 5.62MB/s]
<multiple>:  26%|██▌       | 242M/942M [00:39<02:09, 5.69MB/s]
<multiple>:  26%|██▌       | 242M/942M [00:39<02:00, 6.11MB/s]
<multiple>:  26%|██▌       | 243M/942M [00:40<02:00, 6.10MB/s]
<multiple>:  26%|██▌       | 244M/942M [00:40<01:55, 6.32MB/s]
<multiple>:  26%|██▌       | 244M/942M [00:40<01:52, 6.49MB/s]
<multiple>:  26%|██▌       | 245M/942M [00:40<02:01, 6.01MB/s]
<multiple>:  26%|██▌       | 246M/942M [00:40<02:01, 6.01MB/s]
<multiple>:  26%|██▌       | 247M/942M [00:40<01:47, 6.78MB/s]
<multiple>:  26%|██▌       | 247M/942M [00:40<01:45, 6.90MB/s]
<multiple>:  26%|██▋       | 248M/942M [00:40<01:46, 6.86MB/s]
<multiple>:  26%|██▋       | 249M/942M [00:40<01:37, 7.43MB/s]
<multiple>:  26%|██▋       | 250M/942M [00:41<01:38, 7.40MB/s]
<multiple>:  27%|██▋       | 250M/942M [00:41<01:32, 7.88MB/s]
<multiple>:  27%|██▋       | 251M/942M [00:41<01:33, 7.75MB/s]
<multiple>:  27%|██▋       | 252M/942M [00:41<01:37, 7.42MB/s]
<multiple>:  27%|██▋       | 253M/942M [00:41<01:36, 7.47MB/s]
<multiple>:  27%|██▋       | 253M/942M [00:41<01:35, 7.59MB/s]
<multiple>:  27%|██▋       | 254M/942M [00:41<01:45, 6.82MB/s]
<multiple>:  27%|██▋       | 255M/942M [00:41<01:44, 6.90MB/s]
<multiple>:  27%|██▋       | 256M/942M [00:41<01:53, 6.35MB/s]
<multiple>:  27%|██▋       | 256M/942M [00:42<01:53, 6.34MB/s]
<multiple>:  27%|██▋       | 257M/942M [00:42<02:01, 5.92MB/s]
<multiple>:  27%|██▋       | 257M/942M [00:42<01:59, 6.03MB/s]
<multiple>:  27%|██▋       | 258M/942M [00:42<01:56, 6.17MB/s]
<multiple>:  27%|██▋       | 259M/942M [00:42<02:01, 5.90MB/s]
<multiple>:  28%|██▊       | 259M/942M [00:42<02:03, 5.79MB/s]
<multiple>:  28%|██▊       | 260M/942M [00:42<03:36, 3.30MB/s]
<multiple>:  28%|██▊       | 261M/942M [00:43<02:50, 4.20MB/s]
<multiple>:  28%|██▊       | 261M/942M [00:43<02:43, 4.36MB/s]
<multiple>:  28%|██▊       | 262M/942M [00:43<02:42, 4.40MB/s]
<multiple>:  28%|██▊       | 262M/942M [00:43<02:37, 4.53MB/s]
<multiple>:  28%|██▊       | 263M/942M [00:43<02:32, 4.68MB/s]
<multiple>:  28%|██▊       | 263M/942M [00:43<02:29, 4.75MB/s]
<multiple>:  28%|██▊       | 264M/942M [00:43<02:10, 5.46MB/s]
<multiple>:  28%|██▊       | 265M/942M [00:43<01:56, 6.09MB/s]
<multiple>:  28%|██▊       | 265M/942M [00:43<01:52, 6.30MB/s]
<multiple>:  28%|██▊       | 266M/942M [00:44<04:32, 2.61MB/s]
<multiple>:  28%|██▊       | 267M/942M [00:44<03:48, 3.10MB/s]
<multiple>:  28%|██▊       | 267M/942M [00:44<03:11, 3.69MB/s]
<multiple>:  28%|██▊       | 268M/942M [00:44<02:54, 4.05MB/s]
<multiple>:  29%|██▊       | 269M/942M [00:44<02:15, 5.20MB/s]
<multiple>:  29%|██▊       | 270M/942M [00:45<01:53, 6.21MB/s]
<multiple>:  29%|██▊       | 270M/942M [00:45<01:44, 6.72MB/s]
<multiple>:  29%|██▉       | 271M/942M [00:45<01:40, 7.01MB/s]
<multiple>:  29%|██▉       | 272M/942M [00:45<01:41, 6.90MB/s]
<multiple>:  29%|██▉       | 273M/942M [00:45<01:41, 6.95MB/s]
<multiple>:  29%|██▉       | 274M/942M [00:45<01:36, 7.25MB/s]
<multiple>:  29%|██▉       | 274M/942M [00:45<01:31, 7.65MB/s]
<multiple>:  29%|██▉       | 275M/942M [00:45<01:28, 7.88MB/s]
<multiple>:  29%|██▉       | 276M/942M [00:45<01:29, 7.79MB/s]
<multiple>:  29%|██▉       | 277M/942M [00:46<01:29, 7.79MB/s]
<multiple>:  29%|██▉       | 278M/942M [00:46<01:31, 7.65MB/s]
<multiple>:  30%|██▉       | 278M/942M [00:46<01:38, 7.07MB/s]
<multiple>:  30%|██▉       | 279M/942M [00:46<01:31, 7.61MB/s]
<multiple>:  30%|██▉       | 280M/942M [00:46<01:33, 7.40MB/s]
<multiple>:  30%|██▉       | 281M/942M [00:46<01:38, 7.04MB/s]
<multiple>:  30%|██▉       | 281M/942M [00:46<01:56, 5.97MB/s]
<multiple>:  30%|██▉       | 282M/942M [00:46<01:53, 6.10MB/s]
<multiple>:  30%|██▉       | 283M/942M [00:47<01:53, 6.09MB/s]
<multiple>:  30%|███       | 283M/942M [00:47<01:54, 6.04MB/s]
<multiple>:  30%|███       | 284M/942M [00:47<01:54, 6.03MB/s]
<multiple>:  30%|███       | 284M/942M [00:47<02:02, 5.63MB/s]
<multiple>:  30%|███       | 285M/942M [00:47<01:55, 5.99MB/s]
<multiple>:  30%|███       | 286M/942M [00:47<01:46, 6.48MB/s]
<multiple>:  30%|███       | 287M/942M [00:47<01:40, 6.84MB/s]
<multiple>:  30%|███       | 287M/942M [00:47<01:34, 7.27MB/s]
<multiple>:  31%|███       | 288M/942M [00:47<01:32, 7.43MB/s]
<multiple>:  31%|███       | 289M/942M [00:47<01:28, 7.71MB/s]
<multiple>:  31%|███       | 290M/942M [00:48<01:28, 7.71MB/s]
<multiple>:  31%|███       | 290M/942M [00:48<01:31, 7.50MB/s]
<multiple>:  31%|███       | 291M/942M [00:48<01:30, 7.53MB/s]
<multiple>:  31%|███       | 292M/942M [00:48<01:28, 7.74MB/s]
<multiple>:  31%|███       | 293M/942M [00:48<01:28, 7.68MB/s]
<multiple>:  31%|███       | 294M/942M [00:48<01:27, 7.73MB/s]
<multiple>:  31%|███       | 294M/942M [00:48<01:24, 8.03MB/s]
<multiple>:  31%|███▏      | 295M/942M [00:48<01:24, 8.02MB/s]
<multiple>:  31%|███▏      | 296M/942M [00:48<01:23, 8.15MB/s]
<multiple>:  31%|███▏      | 297M/942M [00:48<01:24, 8.04MB/s]
<multiple>:  32%|███▏      | 298M/942M [00:49<01:26, 7.81MB/s]
<multiple>:  32%|███▏      | 298M/942M [00:49<01:51, 6.05MB/s]
<multiple>:  32%|███▏      | 300M/942M [00:49<01:26, 7.79MB/s]
<multiple>:  32%|███▏      | 300M/942M [00:49<01:30, 7.42MB/s]
<multiple>:  32%|███▏      | 301M/942M [00:49<01:30, 7.44MB/s]
<multiple>:  32%|███▏      | 302M/942M [00:49<01:32, 7.28MB/s]
<multiple>:  32%|███▏      | 303M/942M [00:49<01:38, 6.84MB/s]
<multiple>:  32%|███▏      | 303M/942M [00:50<01:33, 7.13MB/s]
<multiple>:  32%|███▏      | 304M/942M [00:50<03:48, 2.93MB/s]
<multiple>:  32%|███▏      | 305M/942M [00:50<03:11, 3.50MB/s]
<multiple>:  32%|███▏      | 306M/942M [00:50<02:31, 4.41MB/s]
<multiple>:  33%|███▎      | 307M/942M [00:50<02:02, 5.43MB/s]
<multiple>:  33%|███▎      | 308M/942M [00:51<01:48, 6.15MB/s]
<multiple>:  33%|███▎      | 309M/942M [00:51<01:35, 6.95MB/s]
<multiple>:  33%|███▎      | 309M/942M [00:51<01:27, 7.56MB/s]
<multiple>:  33%|███▎      | 310M/942M [00:51<01:24, 7.83MB/s]
<multiple>:  33%|███▎      | 311M/942M [00:51<01:21, 8.15MB/s]
<multiple>:  33%|███▎      | 312M/942M [00:51<01:20, 8.22MB/s]
<multiple>:  33%|███▎      | 313M/942M [00:51<01:21, 8.11MB/s]
<multiple>:  33%|███▎      | 314M/942M [00:51<01:20, 8.16MB/s]
<multiple>:  33%|███▎      | 315M/942M [00:51<01:16, 8.60MB/s]
<multiple>:  33%|███▎      | 316M/942M [00:52<01:15, 8.70MB/s]
<multiple>:  34%|███▎      | 316M/942M [00:52<01:13, 8.90MB/s]
<multiple>:  34%|███▎      | 317M/942M [00:52<01:13, 8.97MB/s]
<multiple>:  34%|███▍      | 318M/942M [00:52<01:43, 6.34MB/s]
<multiple>:  34%|███▍      | 321M/942M [00:52<01:03, 10.3MB/s]
<multiple>:  34%|███▍      | 322M/942M [00:52<01:05, 9.88MB/s]
<multiple>:  34%|███▍      | 323M/942M [00:52<01:10, 9.16MB/s]
<multiple>:  34%|███▍      | 324M/942M [00:52<01:09, 9.28MB/s]
<multiple>:  34%|███▍      | 325M/942M [00:53<01:09, 9.27MB/s]
<multiple>:  35%|███▍      | 326M/942M [00:53<01:11, 8.98MB/s]
<multiple>:  35%|███▍      | 327M/942M [00:53<01:13, 8.80MB/s]
<multiple>:  35%|███▍      | 328M/942M [00:53<01:14, 8.64MB/s]
<multiple>:  35%|███▍      | 328M/942M [00:53<01:14, 8.69MB/s]
<multiple>:  35%|███▍      | 329M/942M [00:53<01:11, 8.99MB/s]
<multiple>:  35%|███▌      | 330M/942M [00:53<01:10, 9.15MB/s]
<multiple>:  35%|███▌      | 331M/942M [00:53<01:10, 9.14MB/s]
<multiple>:  35%|███▌      | 332M/942M [00:53<01:10, 9.06MB/s]
<multiple>:  35%|███▌      | 333M/942M [00:54<01:16, 8.37MB/s]
<multiple>:  35%|███▌      | 334M/942M [00:54<01:18, 8.16MB/s]
<multiple>:  35%|███▌      | 335M/942M [00:54<01:19, 7.99MB/s]
<multiple>:  36%|███▌      | 335M/942M [00:54<01:36, 6.62MB/s]
<multiple>:  36%|███▌      | 336M/942M [00:54<01:37, 6.55MB/s]
<multiple>:  36%|███▌      | 337M/942M [00:54<01:37, 6.53MB/s]
<multiple>:  36%|███▌      | 337M/942M [00:54<01:34, 6.72MB/s]
<multiple>:  36%|███▌      | 338M/942M [00:54<01:27, 7.26MB/s]
<multiple>:  36%|███▌      | 339M/942M [00:54<01:24, 7.51MB/s]
<multiple>:  36%|███▌      | 340M/942M [00:55<01:22, 7.69MB/s]
<multiple>:  36%|███▌      | 341M/942M [00:55<01:17, 8.16MB/s]
<multiple>:  36%|███▌      | 341M/942M [00:55<01:18, 8.07MB/s]
<multiple>:  36%|███▋      | 342M/942M [00:55<03:18, 3.17MB/s]
<multiple>:  36%|███▋      | 343M/942M [00:56<02:57, 3.55MB/s]
<multiple>:  36%|███▋      | 344M/942M [00:56<02:26, 4.30MB/s]
<multiple>:  37%|███▋      | 344M/942M [00:56<02:09, 4.85MB/s]
<multiple>:  37%|███▋      | 345M/942M [00:56<01:50, 5.69MB/s]
<multiple>:  37%|███▋      | 346M/942M [00:56<01:33, 6.69MB/s]
<multiple>:  37%|███▋      | 347M/942M [00:56<01:27, 7.16MB/s]
<multiple>:  37%|███▋      | 348M/942M [00:56<01:25, 7.27MB/s]
<multiple>:  37%|███▋      | 349M/942M [00:56<01:24, 7.33MB/s]
<multiple>:  37%|███▋      | 349M/942M [00:56<01:30, 6.87MB/s]
<multiple>:  37%|███▋      | 350M/942M [00:57<01:38, 6.28MB/s]
<multiple>:  37%|███▋      | 351M/942M [00:57<01:36, 6.43MB/s]
<multiple>:  37%|███▋      | 352M/942M [00:57<01:30, 6.87MB/s]
<multiple>:  37%|███▋      | 352M/942M [00:57<01:25, 7.27MB/s]
<multiple>:  37%|███▋      | 353M/942M [00:57<01:20, 7.71MB/s]
<multiple>:  38%|███▊      | 354M/942M [00:57<01:15, 8.19MB/s]
<multiple>:  38%|███▊      | 355M/942M [00:57<01:13, 8.34MB/s]
<multiple>:  38%|███▊      | 356M/942M [00:57<01:10, 8.70MB/s]
<multiple>:  38%|███▊      | 357M/942M [00:57<01:10, 8.72MB/s]
<multiple>:  38%|███▊      | 358M/942M [00:58<01:32, 6.65MB/s]
<multiple>:  38%|███▊      | 359M/942M [00:58<01:21, 7.49MB/s]
<multiple>:  38%|███▊      | 360M/942M [00:58<01:22, 7.41MB/s]
<multiple>:  38%|███▊      | 360M/942M [00:58<01:21, 7.49MB/s]
<multiple>:  38%|███▊      | 361M/942M [00:58<01:25, 7.16MB/s]
<multiple>:  38%|███▊      | 362M/942M [00:58<01:22, 7.39MB/s]
<multiple>:  38%|███▊      | 363M/942M [00:58<01:24, 7.19MB/s]
<multiple>:  39%|███▊      | 363M/942M [00:58<01:23, 7.25MB/s]
<multiple>:  39%|███▊      | 364M/942M [00:58<01:25, 7.06MB/s]
<multiple>:  39%|███▊      | 365M/942M [00:59<01:49, 5.52MB/s]
<multiple>:  39%|███▉      | 366M/942M [00:59<01:31, 6.62MB/s]
<multiple>:  39%|███▉      | 367M/942M [00:59<01:58, 5.08MB/s]
<multiple>:  39%|███▉      | 367M/942M [00:59<02:08, 4.68MB/s]
<multiple>:  39%|███▉      | 368M/942M [00:59<02:02, 4.93MB/s]
<multiple>:  39%|███▉      | 368M/942M [00:59<02:03, 4.86MB/s]
<multiple>:  39%|███▉      | 369M/942M [01:00<01:57, 5.12MB/s]
<multiple>:  39%|███▉      | 369M/942M [01:00<01:57, 5.11MB/s]
<multiple>:  39%|███▉      | 370M/942M [01:00<02:14, 4.45MB/s]
<multiple>:  39%|███▉      | 370M/942M [01:00<02:09, 4.64MB/s]
<multiple>:  39%|███▉      | 371M/942M [01:00<02:55, 3.41MB/s]
<multiple>:  39%|███▉      | 371M/942M [01:00<03:04, 3.25MB/s]
<multiple>:  39%|███▉      | 372M/942M [01:00<03:04, 3.25MB/s]
<multiple>:  39%|███▉      | 372M/942M [01:01<03:43, 2.67MB/s]
<multiple>:  40%|███▉      | 373M/942M [01:01<02:53, 3.45MB/s]
<multiple>:  40%|███▉      | 373M/942M [01:01<02:04, 4.77MB/s]
<multiple>:  40%|███▉      | 374M/942M [01:01<01:47, 5.55MB/s]
<multiple>:  40%|███▉      | 375M/942M [01:01<01:36, 6.16MB/s]
<multiple>:  40%|███▉      | 376M/942M [01:01<01:31, 6.52MB/s]
<multiple>:  40%|███▉      | 377M/942M [01:01<01:27, 6.80MB/s]
<multiple>:  40%|████      | 377M/942M [01:01<01:19, 7.42MB/s]
<multiple>:  40%|████      | 378M/942M [01:01<01:17, 7.62MB/s]
<multiple>:  40%|████      | 379M/942M [01:02<01:16, 7.68MB/s]
<multiple>:  40%|████      | 380M/942M [01:02<03:27, 2.84MB/s]
<multiple>:  40%|████      | 380M/942M [01:02<03:03, 3.21MB/s]
<multiple>:  40%|████      | 381M/942M [01:03<02:53, 3.39MB/s]
<multiple>:  40%|████      | 381M/942M [01:03<02:35, 3.78MB/s]
<multiple>:  41%|████      | 382M/942M [01:03<02:12, 4.43MB/s]
<multiple>:  41%|████      | 383M/942M [01:03<01:57, 5.01MB/s]
<multiple>:  41%|████      | 383M/942M [01:03<01:49, 5.36MB/s]
<multiple>:  41%|████      | 384M/942M [01:03<01:45, 5.55MB/s]
<multiple>:  41%|████      | 385M/942M [01:03<01:51, 5.24MB/s]
<multiple>:  41%|████      | 385M/942M [01:03<01:42, 5.70MB/s]
<multiple>:  41%|████      | 386M/942M [01:03<01:44, 5.59MB/s]
<multiple>:  41%|████      | 387M/942M [01:04<02:15, 4.32MB/s]
<multiple>:  41%|████      | 388M/942M [01:04<01:35, 6.09MB/s]
<multiple>:  41%|████      | 389M/942M [01:04<01:26, 6.68MB/s]
<multiple>:  41%|████▏     | 389M/942M [01:04<01:29, 6.46MB/s]
<multiple>:  41%|████▏     | 390M/942M [01:04<01:25, 6.78MB/s]
<multiple>:  41%|████▏     | 391M/942M [01:04<01:22, 7.03MB/s]
<multiple>:  42%|████▏     | 392M/942M [01:04<01:29, 6.44MB/s]
<multiple>:  42%|████▏     | 392M/942M [01:04<01:25, 6.72MB/s]
<multiple>:  42%|████▏     | 393M/942M [01:05<01:37, 5.93MB/s]
<multiple>:  42%|████▏     | 394M/942M [01:05<01:32, 6.22MB/s]
<multiple>:  42%|████▏     | 394M/942M [01:05<01:28, 6.53MB/s]
<multiple>:  42%|████▏     | 395M/942M [01:05<01:34, 6.10MB/s]
<multiple>:  42%|████▏     | 396M/942M [01:05<01:24, 6.81MB/s]
<multiple>:  42%|████▏     | 397M/942M [01:05<01:16, 7.51MB/s]
<multiple>:  42%|████▏     | 398M/942M [01:05<01:16, 7.46MB/s]
<multiple>:  42%|████▏     | 398M/942M [01:05<01:12, 7.90MB/s]
<multiple>:  42%|████▏     | 399M/942M [01:05<01:11, 7.92MB/s]
<multiple>:  42%|████▏     | 400M/942M [01:06<01:08, 8.35MB/s]
<multiple>:  43%|████▎     | 401M/942M [01:06<01:05, 8.61MB/s]
<multiple>:  43%|████▎     | 402M/942M [01:06<01:06, 8.47MB/s]
<multiple>:  43%|████▎     | 403M/942M [01:06<01:08, 8.27MB/s]
<multiple>:  43%|████▎     | 404M/942M [01:06<01:12, 7.82MB/s]
<multiple>:  43%|████▎     | 405M/942M [01:06<01:07, 8.42MB/s]
<multiple>:  43%|████▎     | 405M/942M [01:06<01:06, 8.43MB/s]
<multiple>:  43%|████▎     | 406M/942M [01:06<01:05, 8.55MB/s]
<multiple>:  43%|████▎     | 407M/942M [01:06<01:07, 8.37MB/s]
<multiple>:  43%|████▎     | 408M/942M [01:07<01:03, 8.82MB/s]
<multiple>:  43%|████▎     | 409M/942M [01:07<01:03, 8.76MB/s]
<multiple>:  43%|████▎     | 410M/942M [01:07<01:03, 8.82MB/s]
<multiple>:  44%|████▎     | 411M/942M [01:07<01:04, 8.68MB/s]
<multiple>:  44%|████▎     | 411M/942M [01:07<01:06, 8.40MB/s]
<multiple>:  44%|████▎     | 412M/942M [01:07<01:15, 7.40MB/s]
<multiple>:  44%|████▍     | 413M/942M [01:07<01:24, 6.60MB/s]
<multiple>:  44%|████▍     | 414M/942M [01:07<01:32, 5.97MB/s]
<multiple>:  44%|████▍     | 414M/942M [01:08<01:33, 5.90MB/s]
<multiple>:  44%|████▍     | 415M/942M [01:08<01:30, 6.13MB/s]
<multiple>:  44%|████▍     | 416M/942M [01:08<01:28, 6.26MB/s]
<multiple>:  44%|████▍     | 416M/942M [01:08<01:31, 6.00MB/s]
<multiple>:  44%|████▍     | 417M/942M [01:08<01:31, 6.05MB/s]
<multiple>:  44%|████▍     | 417M/942M [01:09<04:10, 2.20MB/s]
<multiple>:  44%|████▍     | 418M/942M [01:09<03:16, 2.80MB/s]
<multiple>:  44%|████▍     | 419M/942M [01:09<02:51, 3.20MB/s]
<multiple>:  44%|████▍     | 419M/942M [01:09<02:28, 3.70MB/s]
<multiple>:  45%|████▍     | 420M/942M [01:09<02:29, 3.66MB/s]
<multiple>:  45%|████▍     | 420M/942M [01:09<02:16, 4.02MB/s]
<multiple>:  45%|████▍     | 421M/942M [01:09<01:58, 4.61MB/s]
<multiple>:  45%|████▍     | 422M/942M [01:09<01:41, 5.37MB/s]
<multiple>:  45%|████▍     | 422M/942M [01:10<01:33, 5.80MB/s]
<multiple>:  45%|████▍     | 423M/942M [01:10<01:27, 6.25MB/s]
<multiple>:  45%|████▍     | 424M/942M [01:10<01:19, 6.82MB/s]
<multiple>:  45%|████▌     | 425M/942M [01:10<01:17, 7.03MB/s]
<multiple>:  45%|████▌     | 426M/942M [01:10<01:10, 7.64MB/s]
<multiple>:  45%|████▌     | 426M/942M [01:10<01:09, 7.80MB/s]
<multiple>:  45%|████▌     | 427M/942M [01:10<01:07, 7.99MB/s]
<multiple>:  45%|████▌     | 428M/942M [01:10<01:05, 8.21MB/s]
<multiple>:  45%|████▌     | 429M/942M [01:10<01:06, 8.05MB/s]
<multiple>:  46%|████▌     | 430M/942M [01:11<01:13, 7.30MB/s]
<multiple>:  46%|████▌     | 431M/942M [01:11<00:59, 8.99MB/s]
<multiple>:  46%|████▌     | 432M/942M [01:11<01:00, 8.85MB/s]
<multiple>:  46%|████▌     | 433M/942M [01:11<01:05, 8.12MB/s]
<multiple>:  46%|████▌     | 433M/942M [01:11<01:05, 8.16MB/s]
<multiple>:  46%|████▌     | 434M/942M [01:11<01:14, 7.15MB/s]
<multiple>:  46%|████▌     | 435M/942M [01:11<01:34, 5.63MB/s]
<multiple>:  46%|████▌     | 436M/942M [01:11<01:36, 5.49MB/s]
<multiple>:  46%|████▋     | 436M/942M [01:12<01:27, 6.07MB/s]
<multiple>:  46%|████▋     | 437M/942M [01:12<01:32, 5.72MB/s]
<multiple>:  46%|████▋     | 438M/942M [01:12<01:30, 5.83MB/s]
<multiple>:  47%|████▋     | 438M/942M [01:12<01:27, 6.02MB/s]
<multiple>:  47%|████▋     | 439M/942M [01:12<01:28, 5.94MB/s]
<multiple>:  47%|████▋     | 439M/942M [01:12<01:28, 5.96MB/s]
<multiple>:  47%|████▋     | 440M/942M [01:12<01:30, 5.80MB/s]
<multiple>:  47%|████▋     | 441M/942M [01:12<01:18, 6.67MB/s]
<multiple>:  47%|████▋     | 442M/942M [01:12<01:21, 6.45MB/s]
<multiple>:  47%|████▋     | 442M/942M [01:13<01:17, 6.80MB/s]
<multiple>:  47%|████▋     | 443M/942M [01:13<01:13, 7.11MB/s]
<multiple>:  47%|████▋     | 444M/942M [01:13<01:07, 7.74MB/s]
<multiple>:  47%|████▋     | 445M/942M [01:13<01:05, 7.93MB/s]
<multiple>:  47%|████▋     | 446M/942M [01:13<01:05, 7.97MB/s]
<multiple>:  47%|████▋     | 446M/942M [01:13<01:04, 8.06MB/s]
<multiple>:  47%|████▋     | 447M/942M [01:13<01:05, 7.97MB/s]
<multiple>:  48%|████▊     | 448M/942M [01:13<01:05, 7.89MB/s]
<multiple>:  48%|████▊     | 449M/942M [01:13<01:09, 7.44MB/s]
<multiple>:  48%|████▊     | 450M/942M [01:14<01:07, 7.67MB/s]
<multiple>:  48%|████▊     | 450M/942M [01:14<01:03, 8.08MB/s]
<multiple>:  48%|████▊     | 451M/942M [01:14<01:04, 8.05MB/s]
<multiple>:  48%|████▊     | 452M/942M [01:14<01:05, 7.86MB/s]
<multiple>:  48%|████▊     | 453M/942M [01:14<01:05, 7.88MB/s]
<multiple>:  48%|████▊     | 454M/942M [01:14<01:13, 6.95MB/s]
<multiple>:  48%|████▊     | 454M/942M [01:14<01:14, 6.88MB/s]
<multiple>:  48%|████▊     | 455M/942M [01:15<03:46, 2.26MB/s]
<multiple>:  48%|████▊     | 456M/942M [01:15<03:21, 2.54MB/s]
<multiple>:  48%|████▊     | 456M/942M [01:15<02:56, 2.89MB/s]
<multiple>:  48%|████▊     | 457M/942M [01:15<02:27, 3.46MB/s]
<multiple>:  49%|████▊     | 457M/942M [01:16<02:12, 3.83MB/s]
<multiple>:  49%|████▊     | 458M/942M [01:16<02:01, 4.18MB/s]
<multiple>:  49%|████▊     | 458M/942M [01:16<01:55, 4.39MB/s]
<multiple>:  49%|████▊     | 459M/942M [01:16<01:44, 4.84MB/s]
<multiple>:  49%|████▉     | 460M/942M [01:16<01:39, 5.09MB/s]
<multiple>:  49%|████▉     | 460M/942M [01:16<01:35, 5.29MB/s]
<multiple>:  49%|████▉     | 461M/942M [01:16<01:40, 5.00MB/s]
<multiple>:  49%|████▉     | 462M/942M [01:16<01:29, 5.63MB/s]
<multiple>:  49%|████▉     | 462M/942M [01:16<01:28, 5.70MB/s]
<multiple>:  49%|████▉     | 463M/942M [01:17<01:26, 5.84MB/s]
<multiple>:  49%|████▉     | 464M/942M [01:17<01:17, 6.47MB/s]
<multiple>:  49%|████▉     | 464M/942M [01:17<01:11, 6.99MB/s]
<multiple>:  49%|████▉     | 465M/942M [01:17<01:09, 7.25MB/s]
<multiple>:  49%|████▉     | 466M/942M [01:17<01:12, 6.86MB/s]
<multiple>:  50%|████▉     | 467M/942M [01:17<01:12, 6.92MB/s]
<multiple>:  50%|████▉     | 467M/942M [01:17<01:06, 7.44MB/s]
<multiple>:  50%|████▉     | 468M/942M [01:17<01:05, 7.63MB/s]
<multiple>:  50%|████▉     | 469M/942M [01:17<01:28, 5.63MB/s]
<multiple>:  50%|████▉     | 471M/942M [01:18<01:00, 8.22MB/s]
<multiple>:  50%|█████     | 472M/942M [01:18<01:02, 7.86MB/s]
<multiple>:  50%|█████     | 472M/942M [01:18<01:02, 7.83MB/s]
<multiple>:  50%|█████     | 473M/942M [01:18<01:05, 7.56MB/s]
<multiple>:  50%|█████     | 474M/942M [01:18<01:10, 7.02MB/s]
<multiple>:  50%|█████     | 475M/942M [01:18<01:07, 7.27MB/s]
<multiple>:  50%|█████     | 476M/942M [01:18<01:06, 7.39MB/s]
<multiple>:  51%|█████     | 476M/942M [01:18<01:04, 7.55MB/s]
<multiple>:  51%|█████     | 477M/942M [01:19<01:03, 7.73MB/s]
<multiple>:  51%|█████     | 478M/942M [01:19<01:01, 7.89MB/s]
<multiple>:  51%|█████     | 479M/942M [01:19<00:59, 8.12MB/s]
<multiple>:  51%|█████     | 480M/942M [01:19<00:58, 8.29MB/s]
<multiple>:  51%|█████     | 480M/942M [01:19<00:58, 8.32MB/s]
<multiple>:  51%|█████     | 481M/942M [01:19<01:04, 7.44MB/s]
<multiple>:  51%|█████     | 482M/942M [01:19<01:01, 7.80MB/s]
<multiple>:  51%|█████     | 483M/942M [01:19<01:04, 7.52MB/s]
<multiple>:  51%|█████▏    | 484M/942M [01:19<01:19, 6.05MB/s]
<multiple>:  51%|█████▏    | 485M/942M [01:20<01:07, 7.13MB/s]
<multiple>:  52%|█████▏    | 486M/942M [01:20<01:09, 6.87MB/s]
<multiple>:  52%|█████▏    | 486M/942M [01:20<01:08, 7.00MB/s]
<multiple>:  52%|█████▏    | 487M/942M [01:20<01:17, 6.17MB/s]
<multiple>:  52%|█████▏    | 488M/942M [01:20<01:12, 6.62MB/s]
<multiple>:  52%|█████▏    | 488M/942M [01:20<01:12, 6.57MB/s]
<multiple>:  52%|█████▏    | 489M/942M [01:20<01:15, 6.29MB/s]
<multiple>:  52%|█████▏    | 490M/942M [01:20<01:09, 6.83MB/s]
<multiple>:  52%|█████▏    | 491M/942M [01:21<01:12, 6.49MB/s]
<multiple>:  52%|█████▏    | 491M/942M [01:21<01:11, 6.61MB/s]
<multiple>:  52%|█████▏    | 492M/942M [01:21<01:12, 6.47MB/s]
<multiple>:  52%|█████▏    | 493M/942M [01:22<03:42, 2.12MB/s]
<multiple>:  52%|█████▏    | 493M/942M [01:22<03:12, 2.45MB/s]
<multiple>:  52%|█████▏    | 494M/942M [01:22<02:49, 2.77MB/s]
<multiple>:  52%|█████▏    | 494M/942M [01:22<02:34, 3.04MB/s]
<multiple>:  52%|█████▏    | 495M/942M [01:22<02:10, 3.61MB/s]
<multiple>:  53%|█████▎    | 495M/942M [01:22<01:57, 3.98MB/s]
<multiple>:  53%|█████▎    | 496M/942M [01:22<01:52, 4.18MB/s]
<multiple>:  53%|█████▎    | 496M/942M [01:22<01:40, 4.67MB/s]
<multiple>:  53%|█████▎    | 497M/942M [01:23<01:27, 5.36MB/s]
<multiple>:  53%|█████▎    | 498M/942M [01:23<01:26, 5.37MB/s]
<multiple>:  53%|█████▎    | 499M/942M [01:23<01:14, 6.25MB/s]
<multiple>:  53%|█████▎    | 499M/942M [01:23<01:12, 6.45MB/s]
<multiple>:  53%|█████▎    | 500M/942M [01:23<01:14, 6.25MB/s]
<multiple>:  53%|█████▎    | 501M/942M [01:23<01:10, 6.57MB/s]
<multiple>:  53%|█████▎    | 501M/942M [01:23<01:03, 7.30MB/s]
<multiple>:  53%|█████▎    | 502M/942M [01:23<01:00, 7.62MB/s]
<multiple>:  53%|█████▎    | 503M/942M [01:23<00:58, 7.91MB/s]
<multiple>:  53%|█████▎    | 504M/942M [01:23<00:56, 8.13MB/s]
<multiple>:  54%|█████▎    | 505M/942M [01:24<00:55, 8.28MB/s]
<multiple>:  54%|█████▎    | 506M/942M [01:24<00:56, 8.13MB/s]
<multiple>:  54%|█████▎    | 506M/942M [01:24<00:55, 8.23MB/s]
<multiple>:  54%|█████▍    | 507M/942M [01:24<01:11, 6.35MB/s]
<multiple>:  54%|█████▍    | 509M/942M [01:24<00:55, 8.23MB/s]
<multiple>:  54%|█████▍    | 510M/942M [01:24<00:57, 7.89MB/s]
<multiple>:  54%|█████▍    | 510M/942M [01:24<00:56, 8.02MB/s]
<multiple>:  54%|█████▍    | 511M/942M [01:24<00:55, 8.21MB/s]
<multiple>:  54%|█████▍    | 512M/942M [01:25<00:54, 8.26MB/s]
<multiple>:  54%|█████▍    | 513M/942M [01:25<01:05, 6.90MB/s]
<multiple>:  55%|█████▍    | 514M/942M [01:25<01:04, 7.02MB/s]
<multiple>:  55%|█████▍    | 515M/942M [01:25<00:59, 7.59MB/s]
<multiple>:  55%|█████▍    | 515M/942M [01:25<00:57, 7.79MB/s]
<multiple>:  55%|█████▍    | 516M/942M [01:25<00:57, 7.75MB/s]
<multiple>:  55%|█████▍    | 517M/942M [01:25<00:59, 7.47MB/s]
<multiple>:  55%|█████▍    | 518M/942M [01:25<01:01, 7.25MB/s]
<multiple>:  55%|█████▌    | 518M/942M [01:26<01:05, 6.77MB/s]
<multiple>:  55%|█████▌    | 519M/942M [01:26<00:58, 7.54MB/s]
<multiple>:  55%|█████▌    | 520M/942M [01:26<00:57, 7.64MB/s]
<multiple>:  55%|█████▌    | 521M/942M [01:26<01:00, 7.28MB/s]
<multiple>:  55%|█████▌    | 522M/942M [01:26<01:00, 7.33MB/s]
<multiple>:  55%|█████▌    | 522M/942M [01:26<01:00, 7.26MB/s]
<multiple>:  56%|█████▌    | 523M/942M [01:26<00:59, 7.33MB/s]
<multiple>:  56%|█████▌    | 524M/942M [01:26<01:05, 6.71MB/s]
<multiple>:  56%|█████▌    | 524M/942M [01:26<01:04, 6.75MB/s]
<multiple>:  56%|█████▌    | 525M/942M [01:27<01:12, 6.07MB/s]
<multiple>:  56%|█████▌    | 526M/942M [01:27<01:06, 6.54MB/s]
<multiple>:  56%|█████▌    | 527M/942M [01:27<01:10, 6.15MB/s]
<multiple>:  56%|█████▌    | 527M/942M [01:27<01:07, 6.49MB/s]
<multiple>:  56%|█████▌    | 528M/942M [01:27<01:02, 6.94MB/s]
<multiple>:  56%|█████▌    | 529M/942M [01:27<01:01, 7.05MB/s]
<multiple>:  56%|█████▌    | 529M/942M [01:27<01:02, 6.94MB/s]
<multiple>:  56%|█████▌    | 530M/942M [01:28<03:11, 2.25MB/s]
<multiple>:  56%|█████▋    | 531M/942M [01:28<03:00, 2.39MB/s]
<multiple>:  56%|█████▋    | 531M/942M [01:28<02:39, 2.70MB/s]
<multiple>:  56%|█████▋    | 532M/942M [01:28<02:38, 2.72MB/s]
<multiple>:  56%|█████▋    | 532M/942M [01:29<02:13, 3.21MB/s]
<multiple>:  57%|█████▋    | 533M/942M [01:29<01:54, 3.74MB/s]
<multiple>:  57%|█████▋    | 533M/942M [01:29<01:52, 3.81MB/s]
<multiple>:  57%|█████▋    | 534M/942M [01:29<01:40, 4.25MB/s]
<multiple>:  57%|█████▋    | 534M/942M [01:29<01:35, 4.46MB/s]
<multiple>:  57%|█████▋    | 535M/942M [01:29<01:31, 4.68MB/s]
<multiple>:  57%|█████▋    | 535M/942M [01:29<01:25, 5.01MB/s]
<multiple>:  57%|█████▋    | 536M/942M [01:29<01:14, 5.74MB/s]
<multiple>:  57%|█████▋    | 537M/942M [01:29<01:03, 6.66MB/s]
<multiple>:  57%|█████▋    | 538M/942M [01:30<01:03, 6.67MB/s]
<multiple>:  57%|█████▋    | 538M/942M [01:30<01:07, 6.25MB/s]
<multiple>:  57%|█████▋    | 539M/942M [01:30<01:11, 5.94MB/s]
<multiple>:  57%|█████▋    | 540M/942M [01:30<01:15, 5.62MB/s]
<multiple>:  57%|█████▋    | 540M/942M [01:30<01:21, 5.20MB/s]
<multiple>:  57%|█████▋    | 541M/942M [01:30<01:17, 5.45MB/s]
<multiple>:  57%|█████▋    | 541M/942M [01:30<01:18, 5.38MB/s]
<multiple>:  57%|█████▋    | 542M/942M [01:30<01:25, 4.89MB/s]
<multiple>:  58%|█████▊    | 542M/942M [01:31<01:43, 4.05MB/s]
<multiple>:  58%|█████▊    | 543M/942M [01:31<01:10, 5.90MB/s]
<multiple>:  58%|█████▊    | 544M/942M [01:31<01:08, 6.10MB/s]
<multiple>:  58%|█████▊    | 545M/942M [01:31<01:09, 6.03MB/s]
<multiple>:  58%|█████▊    | 545M/942M [01:31<01:06, 6.30MB/s]
<multiple>:  58%|█████▊    | 546M/942M [01:31<00:58, 7.06MB/s]
<multiple>:  58%|█████▊    | 547M/942M [01:31<01:00, 6.90MB/s]
<multiple>:  58%|█████▊    | 548M/942M [01:31<01:05, 6.30MB/s]
<multiple>:  58%|█████▊    | 548M/942M [01:32<01:14, 5.56MB/s]
<multiple>:  58%|█████▊    | 549M/942M [01:32<01:09, 5.94MB/s]
<multiple>:  58%|█████▊    | 550M/942M [01:32<01:04, 6.42MB/s]
<multiple>:  58%|█████▊    | 551M/942M [01:32<00:58, 7.02MB/s]
<multiple>:  59%|█████▊    | 552M/942M [01:32<00:55, 7.38MB/s]
<multiple>:  59%|█████▊    | 552M/942M [01:32<00:52, 7.80MB/s]
<multiple>:  59%|█████▊    | 553M/942M [01:32<00:52, 7.70MB/s]
<multiple>:  59%|█████▉    | 554M/942M [01:32<00:55, 7.38MB/s]
<multiple>:  59%|█████▉    | 555M/942M [01:32<01:01, 6.56MB/s]
<multiple>:  59%|█████▉    | 555M/942M [01:33<01:01, 6.57MB/s]
<multiple>:  59%|█████▉    | 556M/942M [01:33<01:01, 6.58MB/s]
<multiple>:  59%|█████▉    | 557M/942M [01:33<01:01, 6.60MB/s]
<multiple>:  59%|█████▉    | 557M/942M [01:33<00:58, 6.92MB/s]
<multiple>:  59%|█████▉    | 558M/942M [01:33<00:56, 7.17MB/s]
<multiple>:  59%|█████▉    | 559M/942M [01:33<00:59, 6.74MB/s]
<multiple>:  59%|█████▉    | 559M/942M [01:33<01:11, 5.60MB/s]
<multiple>:  59%|█████▉    | 560M/942M [01:33<01:10, 5.69MB/s]
<multiple>:  60%|█████▉    | 561M/942M [01:33<01:04, 6.25MB/s]
<multiple>:  60%|█████▉    | 562M/942M [01:34<01:02, 6.40MB/s]
<multiple>:  60%|█████▉    | 562M/942M [01:34<01:01, 6.49MB/s]
<multiple>:  60%|█████▉    | 563M/942M [01:34<01:00, 6.58MB/s]
<multiple>:  60%|█████▉    | 564M/942M [01:34<01:00, 6.52MB/s]
<multiple>:  60%|█████▉    | 564M/942M [01:34<01:03, 6.22MB/s]
<multiple>:  60%|█████▉    | 565M/942M [01:34<01:01, 6.45MB/s]
<multiple>:  60%|██████    | 565M/942M [01:34<01:01, 6.39MB/s]
<multiple>:  60%|██████    | 566M/942M [01:34<01:02, 6.28MB/s]
<multiple>:  60%|██████    | 567M/942M [01:34<01:09, 5.63MB/s]
<multiple>:  60%|██████    | 567M/942M [01:35<01:10, 5.55MB/s]
<multiple>:  60%|██████    | 568M/942M [01:35<03:07, 2.09MB/s]
<multiple>:  60%|██████    | 568M/942M [01:35<02:58, 2.19MB/s]
<multiple>:  60%|██████    | 569M/942M [01:36<02:48, 2.33MB/s]
<multiple>:  60%|██████    | 569M/942M [01:36<02:34, 2.54MB/s]
<multiple>:  60%|██████    | 569M/942M [01:36<02:17, 2.85MB/s]
<multiple>:  60%|██████    | 570M/942M [01:36<02:05, 3.10MB/s]
<multiple>:  61%|██████    | 570M/942M [01:36<01:51, 3.49MB/s]
<multiple>:  61%|██████    | 571M/942M [01:36<01:34, 4.14MB/s]
<multiple>:  61%|██████    | 571M/942M [01:36<01:29, 4.35MB/s]
<multiple>:  61%|██████    | 572M/942M [01:36<01:20, 4.84MB/s]
<multiple>:  61%|██████    | 572M/942M [01:36<01:20, 4.82MB/s]
<multiple>:  61%|██████    | 573M/942M [01:37<01:27, 4.41MB/s]
<multiple>:  61%|██████    | 573M/942M [01:37<01:26, 4.49MB/s]
<multiple>:  61%|██████    | 574M/942M [01:37<01:30, 4.27MB/s]
<multiple>:  61%|██████    | 575M/942M [01:37<01:20, 4.76MB/s]
<multiple>:  61%|██████    | 575M/942M [01:37<01:20, 4.76MB/s]
<multiple>:  61%|██████    | 576M/942M [01:37<01:19, 4.84MB/s]
<multiple>:  61%|██████    | 576M/942M [01:37<01:21, 4.69MB/s]
<multiple>:  61%|██████    | 577M/942M [01:37<01:10, 5.46MB/s]
<multiple>:  61%|██████▏   | 577M/942M [01:37<01:05, 5.82MB/s]
<multiple>:  61%|██████▏   | 578M/942M [01:38<01:03, 6.04MB/s]
<multiple>:  61%|██████▏   | 579M/942M [01:38<01:03, 6.01MB/s]
<multiple>:  61%|██████▏   | 579M/942M [01:38<01:06, 5.72MB/s]
<multiple>:  62%|██████▏   | 580M/942M [01:38<01:03, 5.97MB/s]
<multiple>:  62%|██████▏   | 581M/942M [01:38<01:00, 6.27MB/s]
<multiple>:  62%|██████▏   | 581M/942M [01:38<01:04, 5.84MB/s]
<multiple>:  62%|██████▏   | 582M/942M [01:38<01:20, 4.70MB/s]
<multiple>:  62%|██████▏   | 583M/942M [01:38<01:02, 6.02MB/s]
<multiple>:  62%|██████▏   | 583M/942M [01:39<01:56, 3.22MB/s]
<multiple>:  62%|██████▏   | 585M/942M [01:39<01:19, 4.74MB/s]
<multiple>:  62%|██████▏   | 585M/942M [01:39<01:19, 4.70MB/s]
<multiple>:  62%|██████▏   | 586M/942M [01:39<01:23, 4.46MB/s]
<multiple>:  62%|██████▏   | 587M/942M [01:39<01:23, 4.44MB/s]
<multiple>:  62%|██████▏   | 587M/942M [01:40<01:36, 3.87MB/s]
<multiple>:  62%|██████▏   | 588M/942M [01:40<02:00, 3.08MB/s]
<multiple>:  62%|██████▏   | 588M/942M [01:40<01:52, 3.31MB/s]
<multiple>:  62%|██████▏   | 589M/942M [01:40<01:37, 3.81MB/s]
<multiple>:  62%|██████▏   | 589M/942M [01:40<01:37, 3.81MB/s]
<multiple>:  63%|██████▎   | 589M/942M [01:40<01:38, 3.75MB/s]
<multiple>:  63%|██████▎   | 590M/942M [01:40<01:41, 3.64MB/s]
<multiple>:  63%|██████▎   | 590M/942M [01:41<01:33, 3.93MB/s]
<multiple>:  63%|██████▎   | 591M/942M [01:41<01:31, 4.04MB/s]
<multiple>:  63%|██████▎   | 591M/942M [01:41<01:35, 3.88MB/s]
<multiple>:  63%|██████▎   | 592M/942M [01:41<01:28, 4.14MB/s]
<multiple>:  63%|██████▎   | 592M/942M [01:41<01:16, 4.77MB/s]
<multiple>:  63%|██████▎   | 593M/942M [01:41<01:13, 4.96MB/s]
<multiple>:  63%|██████▎   | 593M/942M [01:41<01:11, 5.09MB/s]
<multiple>:  63%|██████▎   | 594M/942M [01:41<01:04, 5.67MB/s]
<multiple>:  63%|██████▎   | 595M/942M [01:42<01:14, 4.92MB/s]
<multiple>:  63%|██████▎   | 595M/942M [01:42<01:20, 4.53MB/s]
<multiple>:  63%|██████▎   | 596M/942M [01:42<01:23, 4.36MB/s]
<multiple>:  63%|██████▎   | 596M/942M [01:42<01:18, 4.63MB/s]
<multiple>:  63%|██████▎   | 597M/942M [01:42<01:24, 4.28MB/s]
<multiple>:  63%|██████▎   | 597M/942M [01:42<01:23, 4.32MB/s]
<multiple>:  63%|██████▎   | 597M/942M [01:42<01:23, 4.35MB/s]
<multiple>:  63%|██████▎   | 598M/942M [01:42<01:10, 5.12MB/s]
<multiple>:  64%|██████▎   | 599M/942M [01:42<01:03, 5.64MB/s]
<multiple>:  64%|██████▎   | 599M/942M [01:43<01:05, 5.49MB/s]
<multiple>:  64%|██████▎   | 600M/942M [01:43<01:02, 5.74MB/s]
<multiple>:  64%|██████▎   | 601M/942M [01:43<01:04, 5.53MB/s]
<multiple>:  64%|██████▍   | 601M/942M [01:43<01:04, 5.54MB/s]
<multiple>:  64%|██████▍   | 602M/942M [01:43<01:00, 5.89MB/s]
<multiple>:  64%|██████▍   | 603M/942M [01:43<00:57, 6.15MB/s]
<multiple>:  64%|██████▍   | 603M/942M [01:43<00:57, 6.14MB/s]
<multiple>:  64%|██████▍   | 604M/942M [01:43<00:59, 6.00MB/s]
<multiple>:  64%|██████▍   | 604M/942M [01:43<00:59, 5.98MB/s]
<multiple>:  64%|██████▍   | 605M/942M [01:43<00:56, 6.23MB/s]
<multiple>:  64%|██████▍   | 606M/942M [01:44<02:23, 2.45MB/s]
<multiple>:  64%|██████▍   | 606M/942M [01:44<01:51, 3.16MB/s]
<multiple>:  64%|██████▍   | 607M/942M [01:44<01:30, 3.89MB/s]
<multiple>:  64%|██████▍   | 608M/942M [01:44<01:12, 4.85MB/s]
<multiple>:  65%|██████▍   | 609M/942M [01:45<01:00, 5.80MB/s]
<multiple>:  65%|██████▍   | 610M/942M [01:45<00:54, 6.43MB/s]
<multiple>:  65%|██████▍   | 610M/942M [01:45<00:48, 7.13MB/s]
<multiple>:  65%|██████▍   | 611M/942M [01:45<00:46, 7.41MB/s]
<multiple>:  65%|██████▍   | 612M/942M [01:45<00:46, 7.47MB/s]
<multiple>:  65%|██████▌   | 613M/942M [01:45<00:43, 7.86MB/s]
<multiple>:  65%|██████▌   | 614M/942M [01:45<00:42, 8.12MB/s]
<multiple>:  65%|██████▌   | 615M/942M [01:45<00:42, 8.15MB/s]
<multiple>:  65%|██████▌   | 615M/942M [01:45<00:42, 8.10MB/s]
<multiple>:  65%|██████▌   | 616M/942M [01:45<00:42, 8.14MB/s]
<multiple>:  65%|██████▌   | 617M/942M [01:46<00:42, 8.00MB/s]
<multiple>:  66%|██████▌   | 618M/942M [01:46<00:43, 7.91MB/s]
<multiple>:  66%|██████▌   | 619M/942M [01:46<00:41, 8.12MB/s]
<multiple>:  66%|██████▌   | 620M/942M [01:46<01:02, 5.39MB/s]
<multiple>:  66%|██████▌   | 621M/942M [01:46<00:43, 7.80MB/s]
<multiple>:  66%|██████▌   | 622M/942M [01:46<00:41, 8.02MB/s]
<multiple>:  66%|██████▌   | 623M/942M [01:46<00:42, 7.84MB/s]
<multiple>:  66%|██████▌   | 624M/942M [01:47<00:41, 8.03MB/s]
<multiple>:  66%|██████▋   | 625M/942M [01:47<00:41, 8.12MB/s]
<multiple>:  66%|██████▋   | 626M/942M [01:47<00:39, 8.32MB/s]
<multiple>:  66%|██████▋   | 627M/942M [01:47<00:40, 8.12MB/s]
<multiple>:  67%|██████▋   | 627M/942M [01:47<00:40, 8.25MB/s]
<multiple>:  67%|██████▋   | 628M/942M [01:47<00:38, 8.62MB/s]
<multiple>:  67%|██████▋   | 629M/942M [01:47<00:37, 8.65MB/s]
<multiple>:  67%|██████▋   | 630M/942M [01:47<00:37, 8.70MB/s]
<multiple>:  67%|██████▋   | 631M/942M [01:47<00:37, 8.61MB/s]
<multiple>:  67%|██████▋   | 632M/942M [01:47<00:40, 7.96MB/s]
<multiple>:  67%|██████▋   | 632M/942M [01:48<00:39, 8.18MB/s]
<multiple>:  67%|██████▋   | 633M/942M [01:48<00:42, 7.57MB/s]
<multiple>:  67%|██████▋   | 634M/942M [01:48<00:40, 8.00MB/s]
<multiple>:  67%|██████▋   | 635M/942M [01:48<00:40, 8.03MB/s]
<multiple>:  67%|██████▋   | 636M/942M [01:48<00:38, 8.38MB/s]
<multiple>:  68%|██████▊   | 637M/942M [01:48<00:38, 8.43MB/s]
<multiple>:  68%|██████▊   | 638M/942M [01:48<00:38, 8.25MB/s]
<multiple>:  68%|██████▊   | 638M/942M [01:48<00:38, 8.38MB/s]
<multiple>:  68%|██████▊   | 639M/942M [01:48<00:37, 8.40MB/s]
<multiple>:  68%|██████▊   | 640M/942M [01:49<00:37, 8.57MB/s]
<multiple>:  68%|██████▊   | 641M/942M [01:49<00:36, 8.58MB/s]
<multiple>:  68%|██████▊   | 642M/942M [01:49<00:35, 8.80MB/s]
<multiple>:  68%|██████▊   | 643M/942M [01:49<00:36, 8.70MB/s]
<multiple>:  68%|██████▊   | 643M/942M [01:50<01:43, 3.04MB/s]
<multiple>:  68%|██████▊   | 644M/942M [01:50<01:36, 3.26MB/s]
<multiple>:  68%|██████▊   | 645M/942M [01:50<01:36, 3.22MB/s]
<multiple>:  68%|██████▊   | 645M/942M [01:50<01:31, 3.39MB/s]
<multiple>:  69%|██████▊   | 646M/942M [01:50<01:29, 3.49MB/s]
<multiple>:  69%|██████▊   | 646M/942M [01:50<01:26, 3.59MB/s]
<multiple>:  69%|██████▊   | 647M/942M [01:50<01:15, 4.12MB/s]
<multiple>:  69%|██████▊   | 647M/942M [01:51<01:06, 4.63MB/s]
<multiple>:  69%|██████▉   | 648M/942M [01:51<00:59, 5.19MB/s]
<multiple>:  69%|██████▉   | 649M/942M [01:51<00:54, 5.68MB/s]
<multiple>:  69%|██████▉   | 649M/942M [01:51<00:53, 5.75MB/s]
<multiple>:  69%|██████▉   | 650M/942M [01:51<01:00, 5.09MB/s]
<multiple>:  69%|██████▉   | 650M/942M [01:51<00:55, 5.48MB/s]
<multiple>:  69%|██████▉   | 651M/942M [01:51<00:54, 5.64MB/s]
<multiple>:  69%|██████▉   | 652M/942M [01:51<00:54, 5.58MB/s]
<multiple>:  69%|██████▉   | 652M/942M [01:51<00:54, 5.58MB/s]
<multiple>:  69%|██████▉   | 653M/942M [01:52<00:57, 5.29MB/s]
<multiple>:  69%|██████▉   | 653M/942M [01:52<00:59, 5.09MB/s]
<multiple>:  69%|██████▉   | 654M/942M [01:52<00:59, 5.07MB/s]
<multiple>:  69%|██████▉   | 654M/942M [01:52<00:57, 5.25MB/s]
<multiple>:  69%|██████▉   | 655M/942M [01:52<00:55, 5.40MB/s]
<multiple>:  70%|██████▉   | 655M/942M [01:52<00:59, 5.03MB/s]
<multiple>:  70%|██████▉   | 656M/942M [01:52<01:13, 4.10MB/s]
<multiple>:  70%|██████▉   | 656M/942M [01:53<01:41, 2.96MB/s]
<multiple>:  70%|██████▉   | 657M/942M [01:53<01:07, 4.42MB/s]
<multiple>:  70%|██████▉   | 658M/942M [01:53<01:07, 4.44MB/s]
<multiple>:  70%|██████▉   | 659M/942M [01:53<01:06, 4.46MB/s]
<multiple>:  70%|██████▉   | 659M/942M [01:53<01:03, 4.71MB/s]
<multiple>:  70%|███████   | 660M/942M [01:53<00:56, 5.23MB/s]
<multiple>:  70%|███████   | 660M/942M [01:53<00:53, 5.48MB/s]
<multiple>:  70%|███████   | 661M/942M [01:53<00:54, 5.41MB/s]
<multiple>:  70%|███████   | 662M/942M [01:53<00:57, 5.09MB/s]
<multiple>:  70%|███████   | 662M/942M [01:54<00:58, 5.02MB/s]
<multiple>:  70%|███████   | 663M/942M [01:54<00:51, 5.65MB/s]
<multiple>:  70%|███████   | 663M/942M [01:54<00:49, 5.93MB/s]
<multiple>:  70%|███████   | 664M/942M [01:54<00:51, 5.67MB/s]
<multiple>:  71%|███████   | 665M/942M [01:54<00:59, 4.92MB/s]
<multiple>:  71%|███████   | 665M/942M [01:54<00:58, 4.94MB/s]
<multiple>:  71%|███████   | 666M/942M [01:54<00:58, 4.99MB/s]
<multiple>:  71%|███████   | 666M/942M [01:54<00:55, 5.20MB/s]
<multiple>:  71%|███████   | 667M/942M [01:55<00:55, 5.18MB/s]
<multiple>:  71%|███████   | 667M/942M [01:55<00:51, 5.58MB/s]
<multiple>:  71%|███████   | 668M/942M [01:55<00:53, 5.37MB/s]
<multiple>:  71%|███████   | 668M/942M [01:55<00:52, 5.51MB/s]
<multiple>:  71%|███████   | 669M/942M [01:55<00:48, 5.90MB/s]
<multiple>:  71%|███████   | 670M/942M [01:55<00:46, 6.15MB/s]
<multiple>:  71%|███████   | 670M/942M [01:55<00:45, 6.29MB/s]
<multiple>:  71%|███████   | 671M/942M [01:55<00:43, 6.60MB/s]
<multiple>:  71%|███████▏  | 672M/942M [01:55<00:41, 6.91MB/s]
<multiple>:  71%|███████▏  | 673M/942M [01:55<00:41, 6.86MB/s]
<multiple>:  71%|███████▏  | 673M/942M [01:56<00:40, 7.00MB/s]
<multiple>:  72%|███████▏  | 674M/942M [01:56<00:40, 7.03MB/s]
<multiple>:  72%|███████▏  | 675M/942M [01:56<00:41, 6.75MB/s]
<multiple>:  72%|███████▏  | 675M/942M [01:56<00:40, 6.94MB/s]
<multiple>:  72%|███████▏  | 676M/942M [01:56<00:41, 6.73MB/s]
<multiple>:  72%|███████▏  | 677M/942M [01:56<00:39, 7.04MB/s]
<multiple>:  72%|███████▏  | 678M/942M [01:56<00:43, 6.34MB/s]
<multiple>:  72%|███████▏  | 678M/942M [01:56<00:45, 6.06MB/s]
<multiple>:  72%|███████▏  | 679M/942M [01:56<00:41, 6.58MB/s]
<multiple>:  72%|███████▏  | 680M/942M [01:57<00:39, 6.92MB/s]
<multiple>:  72%|███████▏  | 680M/942M [01:57<00:39, 7.02MB/s]
<multiple>:  72%|███████▏  | 681M/942M [01:58<02:13, 2.06MB/s]
<multiple>:  72%|███████▏  | 682M/942M [01:58<01:38, 2.79MB/s]
<multiple>:  72%|███████▏  | 683M/942M [01:58<01:16, 3.54MB/s]
<multiple>:  73%|███████▎  | 684M/942M [01:58<01:07, 4.00MB/s]
<multiple>:  73%|███████▎  | 684M/942M [01:58<01:18, 3.44MB/s]
<multiple>:  73%|███████▎  | 685M/942M [01:58<01:14, 3.65MB/s]
<multiple>:  73%|███████▎  | 685M/942M [01:58<01:12, 3.72MB/s]
<multiple>:  73%|███████▎  | 686M/942M [01:59<01:12, 3.74MB/s]
<multiple>:  73%|███████▎  | 686M/942M [01:59<01:05, 4.09MB/s]
<multiple>:  73%|███████▎  | 687M/942M [01:59<01:07, 3.98MB/s]
<multiple>:  73%|███████▎  | 688M/942M [01:59<00:50, 5.25MB/s]
<multiple>:  73%|███████▎  | 688M/942M [01:59<00:50, 5.32MB/s]
<multiple>:  73%|███████▎  | 689M/942M [01:59<00:47, 5.65MB/s]
<multiple>:  73%|███████▎  | 689M/942M [01:59<00:46, 5.67MB/s]
<multiple>:  73%|███████▎  | 690M/942M [01:59<00:43, 6.12MB/s]
<multiple>:  73%|███████▎  | 691M/942M [01:59<00:40, 6.59MB/s]
<multiple>:  73%|███████▎  | 692M/942M [02:00<00:36, 7.12MB/s]
<multiple>:  73%|███████▎  | 692M/942M [02:00<00:36, 7.17MB/s]
<multiple>:  74%|███████▎  | 693M/942M [02:00<00:34, 7.52MB/s]
<multiple>:  74%|███████▎  | 694M/942M [02:00<00:33, 7.67MB/s]
<multiple>:  74%|███████▎  | 695M/942M [02:00<00:33, 7.87MB/s]
<multiple>:  74%|███████▍  | 696M/942M [02:00<00:32, 7.92MB/s]
<multiple>:  74%|███████▍  | 696M/942M [02:00<00:33, 7.73MB/s]
<multiple>:  74%|███████▍  | 697M/942M [02:00<00:35, 7.16MB/s]
<multiple>:  74%|███████▍  | 698M/942M [02:00<00:34, 7.35MB/s]
<multiple>:  74%|███████▍  | 699M/942M [02:01<00:32, 7.76MB/s]
<multiple>:  74%|███████▍  | 700M/942M [02:01<00:31, 8.02MB/s]
<multiple>:  74%|███████▍  | 700M/942M [02:01<00:31, 8.15MB/s]
<multiple>:  74%|███████▍  | 701M/942M [02:01<00:30, 8.35MB/s]
<multiple>:  74%|███████▍  | 702M/942M [02:01<00:29, 8.51MB/s]
<multiple>:  75%|███████▍  | 703M/942M [02:01<00:29, 8.46MB/s]
<multiple>:  75%|███████▍  | 704M/942M [02:01<00:30, 8.34MB/s]
<multiple>:  75%|███████▍  | 705M/942M [02:01<00:29, 8.39MB/s]
<multiple>:  75%|███████▍  | 705M/942M [02:01<00:31, 7.99MB/s]
<multiple>:  75%|███████▍  | 706M/942M [02:02<00:43, 5.73MB/s]
<multiple>:  75%|███████▌  | 708M/942M [02:02<00:30, 8.02MB/s]
<multiple>:  75%|███████▌  | 709M/942M [02:02<00:30, 8.05MB/s]
<multiple>:  75%|███████▌  | 710M/942M [02:02<00:29, 8.25MB/s]
<multiple>:  75%|███████▌  | 710M/942M [02:02<00:28, 8.39MB/s]
<multiple>:  75%|███████▌  | 711M/942M [02:02<00:28, 8.44MB/s]
<multiple>:  76%|███████▌  | 712M/942M [02:02<00:28, 8.38MB/s]
<multiple>:  76%|███████▌  | 713M/942M [02:02<00:28, 8.59MB/s]
<multiple>:  76%|███████▌  | 714M/942M [02:02<00:28, 8.54MB/s]
<multiple>:  76%|███████▌  | 715M/942M [02:03<00:30, 7.90MB/s]
<multiple>:  76%|███████▌  | 715M/942M [02:03<00:33, 7.04MB/s]
<multiple>:  76%|███████▌  | 716M/942M [02:03<00:35, 6.73MB/s]
<multiple>:  76%|███████▌  | 717M/942M [02:03<00:38, 6.12MB/s]
<multiple>:  76%|███████▌  | 717M/942M [02:03<00:38, 6.15MB/s]
<multiple>:  76%|███████▌  | 718M/942M [02:04<01:32, 2.55MB/s]
<multiple>:  76%|███████▋  | 719M/942M [02:04<01:17, 3.03MB/s]
<multiple>:  76%|███████▋  | 719M/942M [02:04<01:03, 3.68MB/s]
<multiple>:  76%|███████▋  | 720M/942M [02:04<00:59, 3.89MB/s]
<multiple>:  76%|███████▋  | 721M/942M [02:04<00:59, 3.89MB/s]
<multiple>:  76%|███████▋  | 721M/942M [02:04<00:57, 4.02MB/s]
<multiple>:  77%|███████▋  | 721M/942M [02:04<00:55, 4.14MB/s]
<multiple>:  77%|███████▋  | 722M/942M [02:05<00:52, 4.44MB/s]
<multiple>:  77%|███████▋  | 723M/942M [02:05<00:48, 4.72MB/s]
<multiple>:  77%|███████▋  | 723M/942M [02:05<00:52, 4.38MB/s]
<multiple>:  77%|███████▋  | 724M/942M [02:05<00:59, 3.89MB/s]
<multiple>:  77%|███████▋  | 724M/942M [02:05<00:50, 4.56MB/s]
<multiple>:  77%|███████▋  | 725M/942M [02:05<00:48, 4.75MB/s]
<multiple>:  77%|███████▋  | 725M/942M [02:05<00:48, 4.71MB/s]
<multiple>:  77%|███████▋  | 726M/942M [02:05<00:50, 4.46MB/s]
<multiple>:  77%|███████▋  | 726M/942M [02:06<00:51, 4.43MB/s]
<multiple>:  77%|███████▋  | 727M/942M [02:06<00:51, 4.39MB/s]
<multiple>:  77%|███████▋  | 727M/942M [02:06<00:51, 4.42MB/s]
<multiple>:  77%|███████▋  | 728M/942M [02:06<00:47, 4.79MB/s]
<multiple>:  77%|███████▋  | 728M/942M [02:06<00:46, 4.81MB/s]
<multiple>:  77%|███████▋  | 729M/942M [02:06<00:46, 4.78MB/s]
<multiple>:  77%|███████▋  | 729M/942M [02:06<00:46, 4.86MB/s]
<multiple>:  77%|███████▋  | 730M/942M [02:06<00:44, 4.96MB/s]
<multiple>:  77%|███████▋  | 730M/942M [02:06<00:41, 5.30MB/s]
<multiple>:  78%|███████▊  | 731M/942M [02:07<00:40, 5.52MB/s]
<multiple>:  78%|███████▊  | 731M/942M [02:07<00:40, 5.50MB/s]
<multiple>:  78%|███████▊  | 732M/942M [02:07<00:38, 5.71MB/s]
<multiple>:  78%|███████▊  | 733M/942M [02:07<00:37, 5.92MB/s]
<multiple>:  78%|███████▊  | 733M/942M [02:07<00:36, 5.99MB/s]
<multiple>:  78%|███████▊  | 734M/942M [02:07<00:37, 5.91MB/s]
<multiple>:  78%|███████▊  | 734M/942M [02:07<00:36, 6.01MB/s]
<multiple>:  78%|███████▊  | 735M/942M [02:07<00:38, 5.61MB/s]
<multiple>:  78%|███████▊  | 736M/942M [02:07<00:40, 5.30MB/s]
<multiple>:  78%|███████▊  | 736M/942M [02:07<00:40, 5.40MB/s]
<multiple>:  78%|███████▊  | 737M/942M [02:08<00:41, 5.26MB/s]
<multiple>:  78%|███████▊  | 737M/942M [02:08<00:37, 5.74MB/s]
<multiple>:  78%|███████▊  | 738M/942M [02:08<00:36, 5.86MB/s]
<multiple>:  78%|███████▊  | 739M/942M [02:08<00:44, 4.80MB/s]
<multiple>:  78%|███████▊  | 740M/942M [02:08<00:34, 6.14MB/s]
<multiple>:  79%|███████▊  | 740M/942M [02:08<00:37, 5.72MB/s]
<multiple>:  79%|███████▊  | 741M/942M [02:08<00:37, 5.70MB/s]
<multiple>:  79%|███████▊  | 741M/942M [02:08<00:39, 5.38MB/s]
<multiple>:  79%|███████▊  | 742M/942M [02:09<00:36, 5.71MB/s]
<multiple>:  79%|███████▉  | 743M/942M [02:09<00:36, 5.67MB/s]
<multiple>:  79%|███████▉  | 743M/942M [02:09<00:34, 5.99MB/s]
<multiple>:  79%|███████▉  | 744M/942M [02:09<00:35, 5.87MB/s]
<multiple>:  79%|███████▉  | 744M/942M [02:09<00:37, 5.49MB/s]
<multiple>:  79%|███████▉  | 745M/942M [02:09<00:37, 5.50MB/s]
<multiple>:  79%|███████▉  | 746M/942M [02:09<00:42, 4.83MB/s]
<multiple>:  79%|███████▉  | 746M/942M [02:09<00:41, 4.91MB/s]
<multiple>:  79%|███████▉  | 747M/942M [02:10<00:42, 4.78MB/s]
<multiple>:  79%|███████▉  | 747M/942M [02:10<00:39, 5.21MB/s]
<multiple>:  79%|███████▉  | 748M/942M [02:10<00:35, 5.80MB/s]
<multiple>:  79%|███████▉  | 749M/942M [02:10<00:32, 6.26MB/s]
<multiple>:  80%|███████▉  | 749M/942M [02:10<00:31, 6.49MB/s]
<multiple>:  80%|███████▉  | 750M/942M [02:10<00:36, 5.53MB/s]
<multiple>:  80%|███████▉  | 751M/942M [02:10<00:37, 5.44MB/s]
<multiple>:  80%|███████▉  | 751M/942M [02:10<00:37, 5.41MB/s]
<multiple>:  80%|███████▉  | 752M/942M [02:10<00:40, 4.91MB/s]
<multiple>:  80%|███████▉  | 752M/942M [02:11<00:52, 3.78MB/s]
<multiple>:  80%|███████▉  | 753M/942M [02:11<00:58, 3.42MB/s]
<multiple>:  80%|███████▉  | 753M/942M [02:11<01:04, 3.09MB/s]
<multiple>:  80%|███████▉  | 753M/942M [02:11<00:58, 3.39MB/s]
<multiple>:  80%|███████▉  | 754M/942M [02:11<00:53, 3.70MB/s]
<multiple>:  80%|████████  | 754M/942M [02:11<00:51, 3.80MB/s]
<multiple>:  80%|████████  | 755M/942M [02:11<00:51, 3.85MB/s]
<multiple>:  80%|████████  | 755M/942M [02:12<00:51, 3.82MB/s]
<multiple>:  80%|████████  | 755M/942M [02:12<02:25, 1.35MB/s]
<multiple>:  80%|████████  | 756M/942M [02:12<01:48, 1.80MB/s]
<multiple>:  80%|████████  | 757M/942M [02:13<01:09, 2.80MB/s]
<multiple>:  80%|████████  | 758M/942M [02:13<00:51, 3.75MB/s]
<multiple>:  80%|████████  | 758M/942M [02:13<00:41, 4.60MB/s]
<multiple>:  81%|████████  | 759M/942M [02:13<00:46, 4.16MB/s]
<multiple>:  81%|████████  | 760M/942M [02:13<00:43, 4.40MB/s]
<multiple>:  81%|████████  | 760M/942M [02:13<00:39, 4.86MB/s]
<multiple>:  81%|████████  | 761M/942M [02:13<00:37, 5.07MB/s]
<multiple>:  81%|████████  | 761M/942M [02:13<00:35, 5.39MB/s]
<multiple>:  81%|████████  | 762M/942M [02:14<00:38, 4.96MB/s]
<multiple>:  81%|████████  | 763M/942M [02:14<00:33, 5.61MB/s]
<multiple>:  81%|████████  | 763M/942M [02:14<00:32, 5.75MB/s]
<multiple>:  81%|████████  | 764M/942M [02:14<00:51, 3.65MB/s]
<multiple>:  81%|████████  | 765M/942M [02:14<00:34, 5.42MB/s]
<multiple>:  81%|████████▏ | 766M/942M [02:14<00:30, 6.08MB/s]
<multiple>:  81%|████████▏ | 767M/942M [02:14<00:27, 6.62MB/s]
<multiple>:  81%|████████▏ | 768M/942M [02:14<00:25, 7.13MB/s]
<multiple>:  82%|████████▏ | 768M/942M [02:15<00:24, 7.35MB/s]
<multiple>:  82%|████████▏ | 769M/942M [02:15<00:24, 7.33MB/s]
<multiple>:  82%|████████▏ | 770M/942M [02:15<00:24, 7.44MB/s]
<multiple>:  82%|████████▏ | 771M/942M [02:15<00:23, 7.76MB/s]
<multiple>:  82%|████████▏ | 772M/942M [02:15<00:23, 7.60MB/s]
<multiple>:  82%|████████▏ | 772M/942M [02:15<00:23, 7.52MB/s]
<multiple>:  82%|████████▏ | 773M/942M [02:15<00:24, 7.18MB/s]
<multiple>:  82%|████████▏ | 774M/942M [02:15<00:26, 6.66MB/s]
<multiple>:  82%|████████▏ | 774M/942M [02:16<00:30, 5.77MB/s]
<multiple>:  82%|████████▏ | 775M/942M [02:16<00:31, 5.59MB/s]
<multiple>:  82%|████████▏ | 776M/942M [02:16<00:35, 5.00MB/s]
<multiple>:  82%|████████▏ | 776M/942M [02:16<00:42, 4.09MB/s]
<multiple>:  82%|████████▏ | 776M/942M [02:16<00:43, 4.02MB/s]
<multiple>:  82%|████████▏ | 777M/942M [02:16<00:46, 3.76MB/s]
<multiple>:  83%|████████▎ | 778M/942M [02:16<00:38, 4.51MB/s]
<multiple>:  83%|████████▎ | 778M/942M [02:16<00:37, 4.64MB/s]
<multiple>:  83%|████████▎ | 779M/942M [02:17<00:33, 5.17MB/s]
<multiple>:  83%|████████▎ | 779M/942M [02:17<00:29, 5.79MB/s]
<multiple>:  83%|████████▎ | 780M/942M [02:17<00:29, 5.82MB/s]
<multiple>:  83%|████████▎ | 781M/942M [02:17<00:28, 5.96MB/s]
<multiple>:  83%|████████▎ | 781M/942M [02:17<00:26, 6.29MB/s]
<multiple>:  83%|████████▎ | 782M/942M [02:17<00:25, 6.63MB/s]
<multiple>:  83%|████████▎ | 783M/942M [02:17<00:23, 7.08MB/s]
<multiple>:  83%|████████▎ | 784M/942M [02:17<00:22, 7.29MB/s]
<multiple>:  83%|████████▎ | 784M/942M [02:17<00:21, 7.61MB/s]
<multiple>:  83%|████████▎ | 785M/942M [02:18<00:21, 7.51MB/s]
<multiple>:  83%|████████▎ | 786M/942M [02:18<00:20, 7.95MB/s]
<multiple>:  83%|████████▎ | 787M/942M [02:18<00:21, 7.44MB/s]
<multiple>:  84%|████████▎ | 788M/942M [02:18<00:22, 7.22MB/s]
<multiple>:  84%|████████▎ | 788M/942M [02:18<00:21, 7.62MB/s]
<multiple>:  84%|████████▍ | 789M/942M [02:18<00:19, 8.23MB/s]
<multiple>:  84%|████████▍ | 790M/942M [02:18<00:18, 8.67MB/s]
<multiple>:  84%|████████▍ | 791M/942M [02:18<00:17, 8.84MB/s]
<multiple>:  84%|████████▍ | 792M/942M [02:18<00:17, 9.06MB/s]
<multiple>:  84%|████████▍ | 793M/942M [02:19<01:00, 2.60MB/s]
<multiple>:  84%|████████▍ | 794M/942M [02:19<00:49, 3.14MB/s]
<multiple>:  84%|████████▍ | 794M/942M [02:20<00:43, 3.55MB/s]
<multiple>:  84%|████████▍ | 795M/942M [02:20<00:40, 3.85MB/s]
<multiple>:  84%|████████▍ | 796M/942M [02:20<00:36, 4.21MB/s]
<multiple>:  84%|████████▍ | 796M/942M [02:20<00:35, 4.28MB/s]
<multiple>:  85%|████████▍ | 797M/942M [02:20<00:30, 5.02MB/s]
<multiple>:  85%|████████▍ | 798M/942M [02:20<00:25, 6.00MB/s]
<multiple>:  85%|████████▍ | 799M/942M [02:20<00:23, 6.41MB/s]
<multiple>:  85%|████████▍ | 800M/942M [02:20<00:20, 7.22MB/s]
<multiple>:  85%|████████▍ | 800M/942M [02:20<00:19, 7.77MB/s]
<multiple>:  85%|████████▌ | 801M/942M [02:21<00:17, 8.30MB/s]
<multiple>:  85%|████████▌ | 802M/942M [02:21<00:18, 7.90MB/s]
<multiple>:  85%|████████▌ | 803M/942M [02:21<00:17, 8.12MB/s]
<multiple>:  85%|████████▌ | 804M/942M [02:21<00:17, 8.08MB/s]
<multiple>:  85%|████████▌ | 805M/942M [02:21<00:17, 8.17MB/s]
<multiple>:  85%|████████▌ | 806M/942M [02:21<00:16, 8.60MB/s]
<multiple>:  86%|████████▌ | 807M/942M [02:21<00:18, 7.81MB/s]
<multiple>:  86%|████████▌ | 808M/942M [02:21<00:16, 8.65MB/s]
<multiple>:  86%|████████▌ | 809M/942M [02:21<00:15, 9.24MB/s]
<multiple>:  86%|████████▌ | 810M/942M [02:22<00:14, 9.36MB/s]
<multiple>:  86%|████████▌ | 811M/942M [02:22<00:14, 9.40MB/s]
<multiple>:  86%|████████▌ | 811M/942M [02:22<00:14, 9.48MB/s]
<multiple>:  86%|████████▌ | 812M/942M [02:22<00:18, 7.33MB/s]
<multiple>:  86%|████████▋ | 814M/942M [02:22<00:14, 9.14MB/s]
<multiple>:  86%|████████▋ | 815M/942M [02:22<00:14, 9.01MB/s]
<multiple>:  87%|████████▋ | 816M/942M [02:22<00:14, 9.09MB/s]
<multiple>:  87%|████████▋ | 817M/942M [02:22<00:14, 9.24MB/s]
<multiple>:  87%|████████▋ | 818M/942M [02:22<00:13, 9.36MB/s]
<multiple>:  87%|████████▋ | 819M/942M [02:23<00:13, 9.40MB/s]
<multiple>:  87%|████████▋ | 819M/942M [02:23<00:13, 9.40MB/s]
<multiple>:  87%|████████▋ | 820M/942M [02:23<00:13, 9.54MB/s]
<multiple>:  87%|████████▋ | 821M/942M [02:23<00:13, 9.66MB/s]
<multiple>:  87%|████████▋ | 822M/942M [02:23<00:13, 9.48MB/s]
<multiple>:  87%|████████▋ | 823M/942M [02:23<00:13, 9.43MB/s]
<multiple>:  87%|████████▋ | 824M/942M [02:23<00:13, 9.42MB/s]
<multiple>:  88%|████████▊ | 825M/942M [02:23<00:13, 9.29MB/s]
<multiple>:  88%|████████▊ | 826M/942M [02:23<00:13, 9.18MB/s]
<multiple>:  88%|████████▊ | 827M/942M [02:24<00:13, 9.13MB/s]
<multiple>:  88%|████████▊ | 828M/942M [02:24<00:13, 8.99MB/s]
<multiple>:  88%|████████▊ | 829M/942M [02:24<00:12, 9.19MB/s]
<multiple>:  88%|████████▊ | 830M/942M [02:24<00:12, 9.27MB/s]
<multiple>:  88%|████████▊ | 830M/942M [02:24<00:32, 3.65MB/s]
<multiple>:  88%|████████▊ | 831M/942M [02:25<00:26, 4.42MB/s]
<multiple>:  88%|████████▊ | 832M/942M [02:25<00:21, 5.28MB/s]
<multiple>:  88%|████████▊ | 833M/942M [02:25<00:19, 5.88MB/s]
<multiple>:  88%|████████▊ | 834M/942M [02:25<00:17, 6.61MB/s]
<multiple>:  89%|████████▊ | 835M/942M [02:25<00:16, 6.90MB/s]
<multiple>:  89%|████████▊ | 836M/942M [02:25<00:15, 7.34MB/s]
<multiple>:  89%|████████▉ | 836M/942M [02:25<00:14, 7.52MB/s]
<multiple>:  89%|████████▉ | 837M/942M [02:25<00:14, 7.74MB/s]
<multiple>:  89%|████████▉ | 838M/942M [02:25<00:13, 8.07MB/s]
<multiple>:  89%|████████▉ | 839M/942M [02:25<00:12, 8.51MB/s]
<multiple>:  89%|████████▉ | 840M/942M [02:26<00:14, 7.30MB/s]
<multiple>:  89%|████████▉ | 841M/942M [02:26<00:14, 7.17MB/s]
<multiple>:  89%|████████▉ | 842M/942M [02:26<00:11, 8.84MB/s]
<multiple>:  89%|████████▉ | 843M/942M [02:26<00:11, 9.08MB/s]
<multiple>:  90%|████████▉ | 844M/942M [02:26<00:11, 9.24MB/s]
<multiple>:  90%|████████▉ | 845M/942M [02:26<00:11, 9.21MB/s]
<multiple>:  90%|████████▉ | 846M/942M [02:26<00:10, 9.35MB/s]
<multiple>:  90%|████████▉ | 847M/942M [02:26<00:10, 9.53MB/s]
<multiple>:  90%|████████▉ | 848M/942M [02:26<00:10, 9.49MB/s]
<multiple>:  90%|█████████ | 849M/942M [02:27<00:10, 9.57MB/s]
<multiple>:  90%|█████████ | 850M/942M [02:27<00:10, 9.58MB/s]
<multiple>:  90%|█████████ | 850M/942M [02:27<00:10, 9.62MB/s]
<multiple>:  90%|█████████ | 851M/942M [02:27<00:10, 9.42MB/s]
<multiple>:  90%|█████████ | 852M/942M [02:27<00:10, 8.97MB/s]
<multiple>:  91%|█████████ | 853M/942M [02:27<00:10, 8.98MB/s]
<multiple>:  91%|█████████ | 854M/942M [02:27<00:10, 8.78MB/s]
<multiple>:  91%|█████████ | 855M/942M [02:27<00:11, 8.16MB/s]
<multiple>:  91%|█████████ | 856M/942M [02:27<00:11, 7.74MB/s]
<multiple>:  91%|█████████ | 856M/942M [02:28<00:12, 7.35MB/s]
<multiple>:  91%|█████████ | 857M/942M [02:28<00:12, 7.01MB/s]
<multiple>:  91%|█████████ | 858M/942M [02:28<00:12, 6.94MB/s]
<multiple>:  91%|█████████ | 859M/942M [02:28<00:10, 8.53MB/s]
<multiple>:  91%|█████████▏| 860M/942M [02:28<00:09, 8.88MB/s]
<multiple>:  91%|█████████▏| 861M/942M [02:28<00:09, 9.13MB/s]
<multiple>:  91%|█████████▏| 862M/942M [02:28<00:09, 9.06MB/s]
<multiple>:  92%|█████████▏| 863M/942M [02:28<00:09, 9.05MB/s]
<multiple>:  92%|█████████▏| 864M/942M [02:28<00:09, 9.08MB/s]
<multiple>:  92%|█████████▏| 865M/942M [02:29<00:09, 8.78MB/s]
<multiple>:  92%|█████████▏| 865M/942M [02:29<00:09, 8.71MB/s]
<multiple>:  92%|█████████▏| 866M/942M [02:29<00:09, 8.73MB/s]
<multiple>:  92%|█████████▏| 867M/942M [02:29<00:08, 8.93MB/s]
<multiple>:  92%|█████████▏| 868M/942M [02:30<00:23, 3.39MB/s]
<multiple>:  92%|█████████▏| 869M/942M [02:30<00:18, 4.25MB/s]
<multiple>:  92%|█████████▏| 870M/942M [02:30<00:14, 5.12MB/s]
<multiple>:  92%|█████████▏| 871M/942M [02:30<00:12, 5.80MB/s]
<multiple>:  92%|█████████▏| 872M/942M [02:30<00:11, 6.63MB/s]
<multiple>:  93%|█████████▎| 873M/942M [02:30<00:10, 7.14MB/s]
<multiple>:  93%|█████████▎| 873M/942M [02:30<00:09, 7.74MB/s]
<multiple>:  93%|█████████▎| 874M/942M [02:30<00:08, 8.05MB/s]
<multiple>:  93%|█████████▎| 875M/942M [02:30<00:10, 6.85MB/s]
<multiple>:  93%|█████████▎| 877M/942M [02:31<00:07, 8.97MB/s]
<multiple>:  93%|█████████▎| 878M/942M [02:31<00:07, 9.14MB/s]
<multiple>:  93%|█████████▎| 879M/942M [02:31<00:07, 9.20MB/s]
<multiple>:  93%|█████████▎| 880M/942M [02:31<00:07, 8.88MB/s]
<multiple>:  93%|█████████▎| 881M/942M [02:31<00:07, 9.00MB/s]
<multiple>:  94%|█████████▎| 881M/942M [02:31<00:07, 8.95MB/s]
<multiple>:  94%|█████████▎| 882M/942M [02:31<00:07, 8.95MB/s]
<multiple>:  94%|█████████▎| 883M/942M [02:31<00:06, 9.14MB/s]
<multiple>:  94%|█████████▍| 884M/942M [02:31<00:06, 9.08MB/s]
<multiple>:  94%|█████████▍| 885M/942M [02:31<00:06, 9.27MB/s]
<multiple>:  94%|█████████▍| 886M/942M [02:32<00:06, 8.92MB/s]
<multiple>:  94%|█████████▍| 887M/942M [02:32<00:06, 9.27MB/s]
<multiple>:  94%|█████████▍| 888M/942M [02:32<00:06, 9.24MB/s]
<multiple>:  94%|█████████▍| 889M/942M [02:32<00:06, 9.03MB/s]
<multiple>:  94%|█████████▍| 890M/942M [02:32<00:06, 8.93MB/s]
<multiple>:  94%|█████████▍| 891M/942M [02:32<00:05, 9.07MB/s]
<multiple>:  95%|█████████▍| 891M/942M [02:32<00:05, 8.97MB/s]
<multiple>:  95%|█████████▍| 892M/942M [02:32<00:05, 8.99MB/s]
<multiple>:  95%|█████████▍| 893M/942M [02:32<00:05, 9.07MB/s]
<multiple>:  95%|█████████▍| 894M/942M [02:33<00:05, 9.23MB/s]
<multiple>:  95%|█████████▍| 895M/942M [02:33<00:05, 9.11MB/s]
<multiple>:  95%|█████████▌| 896M/942M [02:33<00:05, 9.28MB/s]
<multiple>:  95%|█████████▌| 897M/942M [02:33<00:05, 9.07MB/s]
<multiple>:  95%|█████████▌| 898M/942M [02:33<00:05, 9.11MB/s]
<multiple>:  95%|█████████▌| 899M/942M [02:33<00:05, 9.15MB/s]
<multiple>:  95%|█████████▌| 900M/942M [02:33<00:04, 9.22MB/s]
<multiple>:  96%|█████████▌| 901M/942M [02:33<00:04, 9.29MB/s]
<multiple>:  96%|█████████▌| 901M/942M [02:33<00:04, 9.32MB/s]
<multiple>:  96%|█████████▌| 902M/942M [02:33<00:04, 9.17MB/s]
<multiple>:  96%|█████████▌| 903M/942M [02:34<00:04, 8.83MB/s]
<multiple>:  96%|█████████▌| 904M/942M [02:34<00:04, 8.24MB/s]
<multiple>:  96%|█████████▌| 905M/942M [02:34<00:11, 3.30MB/s]
<multiple>:  96%|█████████▌| 906M/942M [02:34<00:09, 3.86MB/s]
<multiple>:  96%|█████████▌| 907M/942M [02:35<00:08, 4.68MB/s]
<multiple>:  96%|█████████▋| 907M/942M [02:35<00:06, 5.45MB/s]
<multiple>:  96%|█████████▋| 908M/942M [02:35<00:05, 6.24MB/s]
<multiple>:  96%|█████████▋| 909M/942M [02:35<00:05, 6.88MB/s]
<multiple>:  97%|█████████▋| 910M/942M [02:35<00:04, 7.04MB/s]
<multiple>:  97%|█████████▋| 911M/942M [02:35<00:04, 7.39MB/s]
<multiple>:  97%|█████████▋| 912M/942M [02:35<00:04, 7.98MB/s]
<multiple>:  97%|█████████▋| 913M/942M [02:35<00:03, 8.12MB/s]
<multiple>:  97%|█████████▋| 913M/942M [02:35<00:04, 6.65MB/s]
<multiple>:  97%|█████████▋| 915M/942M [02:36<00:03, 8.98MB/s]
<multiple>:  97%|█████████▋| 916M/942M [02:36<00:03, 8.67MB/s]
<multiple>:  97%|█████████▋| 917M/942M [02:36<00:04, 6.15MB/s]
<multiple>:  97%|█████████▋| 918M/942M [02:36<00:03, 6.73MB/s]
<multiple>:  97%|█████████▋| 919M/942M [02:36<00:03, 7.26MB/s]
<multiple>:  98%|█████████▊| 920M/942M [02:36<00:03, 7.70MB/s]
<multiple>:  98%|█████████▊| 920M/942M [02:36<00:02, 8.14MB/s]
<multiple>:  98%|█████████▊| 921M/942M [02:37<00:02, 8.50MB/s]
<multiple>:  98%|█████████▊| 922M/942M [02:37<00:02, 8.64MB/s]
<multiple>:  98%|█████████▊| 923M/942M [02:37<00:02, 8.76MB/s]
<multiple>:  98%|█████████▊| 924M/942M [02:37<00:02, 8.70MB/s]
<multiple>:  98%|█████████▊| 925M/942M [02:37<00:02, 8.74MB/s]
<multiple>:  98%|█████████▊| 926M/942M [02:37<00:02, 8.67MB/s]
<multiple>:  98%|█████████▊| 927M/942M [02:37<00:01, 8.82MB/s]
<multiple>:  98%|█████████▊| 928M/942M [02:37<00:01, 8.92MB/s]
<multiple>:  99%|█████████▊| 928M/942M [02:37<00:01, 9.01MB/s]
<multiple>:  99%|█████████▊| 929M/942M [02:37<00:01, 9.23MB/s]
<multiple>:  99%|█████████▊| 930M/942M [02:38<00:01, 9.10MB/s]
<multiple>:  99%|█████████▉| 931M/942M [02:38<00:01, 9.25MB/s]
<multiple>:  99%|█████████▉| 932M/942M [02:38<00:01, 9.19MB/s]
<multiple>:  99%|█████████▉| 933M/942M [02:38<00:01, 9.13MB/s]
<multiple>:  99%|█████████▉| 934M/942M [02:38<00:00, 9.13MB/s]
<multiple>:  99%|█████████▉| 935M/942M [02:38<00:00, 9.16MB/s]
<multiple>:  99%|█████████▉| 936M/942M [02:38<00:00, 9.03MB/s]
<multiple>:  99%|█████████▉| 937M/942M [02:38<00:00, 9.26MB/s]
<multiple>:  99%|█████████▉| 938M/942M [02:38<00:00, 9.50MB/s]
<multiple>: 100%|█████████▉| 939M/942M [02:38<00:00, 9.15MB/s]
<multiple>: 100%|█████████▉| 939M/942M [02:39<00:00, 9.15MB/s]
<multiple>: 100%|█████████▉| 940M/942M [02:39<00:00, 9.23MB/s]
<multiple>: 100%|█████████▉| 941M/942M [02:39<00:00, 8.88MB/s]
<multiple>: 100%|█████████▉| 942M/942M [02:39<00:00, 9.08MB/s]
                                                              
By downloading data from the ECMWF open data dataset, you agree to the terms: Attribution 4.0 International (CC BY 4.0). Please attribute ECMWF when downloading this data.
✅ Pressure levels saved to: simulation/inputs/ecmwf_pl_2026-08-08_00Z.grib2 (942.5 MB)
📡 Downloading surface variables ['10u', '10v', '2t', '2d', 'sp', 'msl', 'skt', 'lsm', 'st', 'swvl', 'sd']...
No index entries for param=st
Did you mean '2t' instead of 'st'?
No index entries for param=swvl
Did you mean 'sve' instead of 'swvl'?

<multiple>:   0%|          | 0.00/119M [00:00<?, ?B/s]
<multiple>:   0%|          | 14.1k/119M [00:00<25:12, 82.5kB/s]
<multiple>:   1%|          | 766k/119M [00:00<00:35, 3.46MB/s] 
<multiple>:   1%|▏         | 1.67M/119M [00:00<00:21, 5.81MB/s]
<multiple>:   2%|▏         | 2.60M/119M [00:00<00:17, 7.14MB/s]
<multiple>:   3%|▎         | 3.45M/119M [00:00<00:15, 7.72MB/s]
<multiple>:   4%|▎         | 4.38M/119M [00:00<00:14, 8.38MB/s]
<multiple>:   4%|▍         | 5.23M/119M [00:01<00:36, 3.28MB/s]
<multiple>:   5%|▌         | 6.12M/119M [00:01<00:28, 4.18MB/s]
<multiple>:   6%|▌         | 7.09M/119M [00:01<00:22, 5.23MB/s]
<multiple>:   7%|▋         | 7.90M/119M [00:01<00:19, 5.87MB/s]
<multiple>:   7%|▋         | 8.80M/119M [00:01<00:17, 6.61MB/s]
<multiple>:   8%|▊         | 9.69M/119M [00:02<00:32, 3.48MB/s]
<multiple>:   9%|▊         | 10.3M/119M [00:02<00:30, 3.79MB/s]
<multiple>:   9%|▉         | 11.0M/119M [00:02<00:25, 4.37MB/s]
<multiple>:  10%|▉         | 11.9M/119M [00:02<00:21, 5.16MB/s]
<multiple>:  11%|█         | 12.8M/119M [00:02<00:18, 6.16MB/s]
<multiple>:  11%|█▏        | 13.6M/119M [00:02<00:16, 6.65MB/s]
<multiple>:  12%|█▏        | 14.4M/119M [00:02<00:17, 6.30MB/s]
<multiple>:  13%|█▎        | 15.1M/119M [00:03<00:35, 3.09MB/s]
<multiple>:  13%|█▎        | 16.0M/119M [00:03<00:27, 3.97MB/s]
<multiple>:  14%|█▍        | 17.0M/119M [00:03<00:21, 5.04MB/s]
<multiple>:  15%|█▌        | 17.9M/119M [00:03<00:18, 5.84MB/s]
<multiple>:  16%|█▌        | 18.8M/119M [00:03<00:16, 6.52MB/s]
<multiple>:  16%|█▋        | 19.6M/119M [00:04<00:31, 3.27MB/s]
<multiple>:  17%|█▋        | 20.5M/119M [00:04<00:25, 4.08MB/s]
<multiple>:  18%|█▊        | 21.4M/119M [00:04<00:20, 4.91MB/s]
<multiple>:  19%|█▊        | 22.3M/119M [00:04<00:17, 5.72MB/s]
<multiple>:  20%|█▉        | 23.3M/119M [00:04<00:15, 6.58MB/s]
<multiple>:  20%|██        | 24.1M/119M [00:05<00:29, 3.38MB/s]
<multiple>:  21%|██        | 24.8M/119M [00:05<00:25, 3.89MB/s]
<multiple>:  21%|██▏       | 25.5M/119M [00:05<00:21, 4.55MB/s]
<multiple>:  22%|██▏       | 26.4M/119M [00:05<00:18, 5.25MB/s]
<multiple>:  23%|██▎       | 27.2M/119M [00:05<00:16, 5.97MB/s]
<multiple>:  24%|██▎       | 28.1M/119M [00:05<00:13, 6.82MB/s]
<multiple>:  24%|██▍       | 28.9M/119M [00:06<00:27, 3.45MB/s]
<multiple>:  25%|██▍       | 29.8M/119M [00:06<00:22, 4.17MB/s]
<multiple>:  26%|██▌       | 30.5M/119M [00:06<00:19, 4.82MB/s]
<multiple>:  26%|██▋       | 31.4M/119M [00:06<00:16, 5.65MB/s]
<multiple>:  27%|██▋       | 32.3M/119M [00:06<00:13, 6.55MB/s]
<multiple>:  28%|██▊       | 33.3M/119M [00:07<00:12, 7.27MB/s]
<multiple>:  29%|██▊       | 34.1M/119M [00:07<00:26, 3.41MB/s]
<multiple>:  29%|██▉       | 34.8M/119M [00:07<00:22, 3.87MB/s]
<multiple>:  30%|██▉       | 35.6M/119M [00:07<00:18, 4.72MB/s]
<multiple>:  31%|███       | 36.4M/119M [00:07<00:15, 5.43MB/s]
<multiple>:  31%|███▏      | 37.4M/119M [00:08<00:13, 6.34MB/s]
<multiple>:  32%|███▏      | 38.2M/119M [00:08<00:25, 3.35MB/s]
<multiple>:  33%|███▎      | 38.8M/119M [00:08<00:22, 3.66MB/s]
<multiple>:  33%|███▎      | 39.7M/119M [00:08<00:18, 4.55MB/s]
<multiple>:  34%|███▍      | 40.5M/119M [00:08<00:15, 5.20MB/s]
<multiple>:  35%|███▍      | 41.3M/119M [00:09<00:13, 5.92MB/s]
<multiple>:  35%|███▌      | 42.2M/119M [00:09<00:12, 6.71MB/s]
<multiple>:  36%|███▌      | 43.0M/119M [00:09<00:23, 3.34MB/s]
<multiple>:  37%|███▋      | 43.6M/119M [00:09<00:20, 3.82MB/s]
<multiple>:  37%|███▋      | 44.4M/119M [00:09<00:17, 4.43MB/s]
<multiple>:  38%|███▊      | 45.0M/119M [00:09<00:15, 4.97MB/s]
<multiple>:  38%|███▊      | 45.7M/119M [00:10<00:15, 5.12MB/s]
<multiple>:  39%|███▉      | 46.3M/119M [00:10<00:14, 5.42MB/s]
<multiple>:  39%|███▉      | 47.0M/119M [00:10<00:14, 5.18MB/s]
<multiple>:  40%|████      | 47.7M/119M [00:10<00:12, 5.87MB/s]
<multiple>:  41%|████      | 48.4M/119M [00:11<00:26, 2.79MB/s]
<multiple>:  41%|████▏     | 49.3M/119M [00:11<00:19, 3.77MB/s]
<multiple>:  42%|████▏     | 50.2M/119M [00:11<00:15, 4.68MB/s]
<multiple>:  43%|████▎     | 51.1M/119M [00:11<00:12, 5.58MB/s]
<multiple>:  44%|████▎     | 51.9M/119M [00:11<00:11, 6.34MB/s]
<multiple>:  44%|████▍     | 52.8M/119M [00:11<00:21, 3.30MB/s]
<multiple>:  45%|████▍     | 53.6M/119M [00:12<00:17, 4.00MB/s]
<multiple>:  46%|████▌     | 54.4M/119M [00:12<00:14, 4.78MB/s]
<multiple>:  46%|████▋     | 55.3M/119M [00:12<00:11, 5.67MB/s]
<multiple>:  47%|████▋     | 56.2M/119M [00:12<00:10, 6.36MB/s]
<multiple>:  48%|████▊     | 57.1M/119M [00:12<00:09, 7.04MB/s]
<multiple>:  49%|████▊     | 57.9M/119M [00:13<00:18, 3.38MB/s]
<multiple>:  49%|████▉     | 58.8M/119M [00:13<00:15, 4.16MB/s]
<multiple>:  50%|████▉     | 59.5M/119M [00:13<00:13, 4.79MB/s]
<multiple>:  51%|█████     | 60.3M/119M [00:13<00:12, 4.90MB/s]
<multiple>:  51%|█████     | 60.9M/119M [00:13<00:11, 5.24MB/s]
<multiple>:  52%|█████▏    | 61.6M/119M [00:13<00:10, 5.53MB/s]
<multiple>:  52%|█████▏    | 62.2M/119M [00:14<00:20, 2.90MB/s]
<multiple>:  53%|█████▎    | 63.0M/119M [00:14<00:16, 3.59MB/s]
<multiple>:  54%|█████▎    | 63.8M/119M [00:14<00:12, 4.52MB/s]
<multiple>:  54%|█████▍    | 64.7M/119M [00:14<00:10, 5.30MB/s]
<multiple>:  55%|█████▌    | 65.5M/119M [00:14<00:09, 6.06MB/s]
<multiple>:  56%|█████▌    | 66.4M/119M [00:14<00:08, 6.73MB/s]
<multiple>:  56%|█████▋    | 67.2M/119M [00:15<00:16, 3.31MB/s]
<multiple>:  57%|█████▋    | 67.9M/119M [00:15<00:13, 3.90MB/s]
<multiple>:  58%|█████▊    | 68.6M/119M [00:15<00:12, 4.35MB/s]
<multiple>:  58%|█████▊    | 69.3M/119M [00:15<00:10, 4.91MB/s]
<multiple>:  59%|█████▉    | 70.3M/119M [00:15<00:08, 5.94MB/s]
<multiple>:  60%|█████▉    | 71.3M/119M [00:15<00:07, 6.91MB/s]
<multiple>:  61%|██████    | 72.1M/119M [00:16<00:15, 3.20MB/s]
<multiple>:  61%|██████    | 72.8M/119M [00:16<00:12, 3.77MB/s]
<multiple>:  62%|██████▏   | 73.5M/119M [00:16<00:10, 4.40MB/s]
<multiple>:  62%|██████▏   | 74.3M/119M [00:16<00:09, 5.20MB/s]
<multiple>:  63%|██████▎   | 75.1M/119M [00:16<00:08, 5.71MB/s]
<multiple>:  64%|██████▍   | 75.9M/119M [00:16<00:07, 6.32MB/s]
<multiple>:  64%|██████▍   | 76.6M/119M [00:17<00:14, 3.04MB/s]
<multiple>:  65%|██████▌   | 77.4M/119M [00:17<00:11, 3.76MB/s]
<multiple>:  66%|██████▌   | 78.3M/119M [00:17<00:09, 4.60MB/s]
<multiple>:  67%|██████▋   | 79.2M/119M [00:17<00:07, 5.47MB/s]
<multiple>:  67%|██████▋   | 80.0M/119M [00:17<00:06, 6.15MB/s]
<multiple>:  68%|██████▊   | 81.0M/119M [00:18<00:05, 6.99MB/s]
<multiple>:  69%|██████▊   | 81.8M/119M [00:18<00:11, 3.39MB/s]
<multiple>:  69%|██████▉   | 82.6M/119M [00:18<00:09, 4.11MB/s]
<multiple>:  70%|███████   | 83.5M/119M [00:18<00:07, 4.89MB/s]
<multiple>:  71%|███████   | 84.4M/119M [00:18<00:06, 5.81MB/s]
<multiple>:  72%|███████▏  | 85.4M/119M [00:18<00:05, 6.72MB/s]
<multiple>:  72%|███████▏  | 86.2M/119M [00:19<00:10, 3.32MB/s]
<multiple>:  73%|███████▎  | 86.9M/119M [00:19<00:08, 3.81MB/s]
<multiple>:  74%|███████▎  | 87.6M/119M [00:19<00:07, 4.30MB/s]
<multiple>:  74%|███████▍  | 88.3M/119M [00:19<00:06, 4.76MB/s]
<multiple>:  75%|███████▍  | 89.2M/119M [00:20<00:05, 5.66MB/s]
<multiple>:  76%|███████▌  | 89.9M/119M [00:20<00:04, 6.17MB/s]
<multiple>:  76%|███████▌  | 90.6M/119M [00:20<00:09, 3.22MB/s]
<multiple>:  77%|███████▋  | 91.2M/119M [00:20<00:08, 3.46MB/s]
<multiple>:  77%|███████▋  | 91.9M/119M [00:20<00:06, 4.08MB/s]
<multiple>:  78%|███████▊  | 92.6M/119M [00:20<00:05, 4.79MB/s]
<multiple>:  78%|███████▊  | 93.3M/119M [00:21<00:05, 4.72MB/s]
<multiple>:  79%|███████▉  | 94.1M/119M [00:21<00:04, 5.55MB/s]
<multiple>:  80%|███████▉  | 94.7M/119M [00:21<00:04, 5.86MB/s]
<multiple>:  80%|████████  | 95.4M/119M [00:21<00:08, 2.91MB/s]
<multiple>:  81%|████████  | 95.9M/119M [00:21<00:07, 3.15MB/s]
<multiple>:  81%|████████  | 96.7M/119M [00:22<00:05, 3.99MB/s]
<multiple>:  82%|████████▏ | 97.4M/119M [00:22<00:04, 4.60MB/s]
<multiple>:  83%|████████▎ | 98.3M/119M [00:22<00:03, 5.53MB/s]
<multiple>:  83%|████████▎ | 99.2M/119M [00:22<00:03, 6.42MB/s]
<multiple>:  84%|████████▍ | 100M/119M [00:22<00:05, 3.41MB/s] 
<multiple>:  85%|████████▍ | 101M/119M [00:23<00:05, 3.52MB/s]
<multiple>:  85%|████████▌ | 101M/119M [00:23<00:04, 4.10MB/s]
<multiple>:  86%|████████▌ | 102M/119M [00:23<00:03, 4.90MB/s]
<multiple>:  86%|████████▋ | 103M/119M [00:23<00:03, 5.60MB/s]
<multiple>:  87%|████████▋ | 104M/119M [00:23<00:02, 6.26MB/s]
<multiple>:  88%|████████▊ | 105M/119M [00:23<00:02, 6.80MB/s]
<multiple>:  89%|████████▊ | 105M/119M [00:24<00:04, 2.96MB/s]
<multiple>:  89%|████████▉ | 106M/119M [00:24<00:03, 3.50MB/s]
<multiple>:  90%|████████▉ | 107M/119M [00:24<00:03, 3.93MB/s]
<multiple>:  90%|█████████ | 107M/119M [00:24<00:02, 4.82MB/s]
<multiple>:  91%|█████████ | 108M/119M [00:24<00:02, 5.61MB/s]
<multiple>:  92%|█████████▏| 109M/119M [00:24<00:01, 6.47MB/s]
<multiple>:  92%|█████████▏| 110M/119M [00:25<00:02, 3.19MB/s]
<multiple>:  93%|█████████▎| 111M/119M [00:25<00:02, 3.75MB/s]
<multiple>:  93%|█████████▎| 111M/119M [00:25<00:01, 4.16MB/s]
<multiple>:  94%|█████████▍| 112M/119M [00:25<00:01, 4.88MB/s]
<multiple>:  95%|█████████▍| 113M/119M [00:25<00:01, 5.66MB/s]
<multiple>:  96%|█████████▌| 114M/119M [00:25<00:00, 6.50MB/s]
<multiple>:  96%|█████████▌| 115M/119M [00:26<00:01, 3.30MB/s]
<multiple>:  97%|█████████▋| 115M/119M [00:26<00:00, 3.99MB/s]
<multiple>:  98%|█████████▊| 116M/119M [00:26<00:00, 4.80MB/s]
<multiple>:  98%|█████████▊| 117M/119M [00:26<00:00, 5.52MB/s]
<multiple>:  99%|█████████▉| 118M/119M [00:26<00:00, 6.39MB/s]
<multiple>: 100%|█████████▉| 119M/119M [00:26<00:00, 6.81MB/s]
                                                              
📡 Downloading soil variables ['sot', 'vsw'] for layers [1, 2, 3, 4]...

<multiple>:   0%|          | 0.00/104M [00:00<?, ?B/s]
<multiple>:   0%|          | 14.1k/104M [00:00<27:32, 66.2kB/s]
<multiple>:   0%|          | 504k/104M [00:00<00:55, 1.97MB/s] 
<multiple>:   1%|▏         | 1.31M/104M [00:00<00:24, 4.33MB/s]
<multiple>:   2%|▏         | 2.15M/104M [00:00<00:19, 5.56MB/s]
<multiple>:   3%|▎         | 2.90M/104M [00:00<00:17, 6.24MB/s]
<multiple>:   4%|▎         | 3.76M/104M [00:00<00:15, 6.97MB/s]
<multiple>:   4%|▍         | 4.47M/104M [00:01<00:43, 2.40MB/s]
<multiple>:   5%|▍         | 5.11M/104M [00:01<00:35, 2.93MB/s]
<multiple>:   6%|▌         | 5.96M/104M [00:01<00:26, 3.83MB/s]
<multiple>:   7%|▋         | 6.80M/104M [00:01<00:21, 4.73MB/s]
<multiple>:   7%|▋         | 7.74M/104M [00:01<00:17, 5.76MB/s]
<multiple>:   8%|▊         | 8.52M/104M [00:02<00:32, 3.10MB/s]
<multiple>:   9%|▉         | 9.21M/104M [00:02<00:27, 3.64MB/s]
<multiple>:  10%|▉         | 9.96M/104M [00:02<00:22, 4.31MB/s]
<multiple>:  10%|█         | 10.8M/104M [00:02<00:19, 5.04MB/s]
<multiple>:  11%|█         | 11.6M/104M [00:02<00:16, 5.78MB/s]
<multiple>:  12%|█▏        | 12.5M/104M [00:02<00:14, 6.51MB/s]
<multiple>:  13%|█▎        | 13.3M/104M [00:03<00:30, 3.18MB/s]
<multiple>:  13%|█▎        | 14.0M/104M [00:03<00:25, 3.79MB/s]
<multiple>:  14%|█▍        | 14.8M/104M [00:03<00:20, 4.48MB/s]
<multiple>:  15%|█▍        | 15.6M/104M [00:03<00:17, 5.17MB/s]
<multiple>:  16%|█▌        | 16.5M/104M [00:03<00:15, 5.96MB/s]
<multiple>:  17%|█▋        | 17.3M/104M [00:04<00:29, 3.05MB/s]
<multiple>:  17%|█▋        | 17.9M/104M [00:04<00:25, 3.56MB/s]
<multiple>:  18%|█▊        | 18.7M/104M [00:04<00:20, 4.35MB/s]
<multiple>:  19%|█▊        | 19.5M/104M [00:04<00:17, 5.00MB/s]
<multiple>:  19%|█▉        | 20.3M/104M [00:04<00:15, 5.72MB/s]
<multiple>:  20%|██        | 21.0M/104M [00:05<00:28, 3.04MB/s]
<multiple>:  21%|██        | 21.6M/104M [00:05<00:25, 3.39MB/s]
<multiple>:  21%|██▏       | 22.2M/104M [00:05<00:21, 3.95MB/s]
<multiple>:  22%|██▏       | 23.0M/104M [00:05<00:17, 4.80MB/s]
<multiple>:  23%|██▎       | 23.9M/104M [00:05<00:14, 5.77MB/s]
<multiple>:  24%|██▎       | 24.6M/104M [00:06<00:13, 6.08MB/s]
<multiple>:  24%|██▍       | 25.4M/104M [00:06<00:28, 2.88MB/s]
<multiple>:  25%|██▍       | 26.1M/104M [00:06<00:23, 3.49MB/s]
<multiple>:  26%|██▌       | 26.8M/104M [00:06<00:19, 4.28MB/s]
<multiple>:  27%|██▋       | 27.7M/104M [00:06<00:15, 5.17MB/s]
<multiple>:  27%|██▋       | 28.6M/104M [00:07<00:13, 5.92MB/s]
<multiple>:  28%|██▊       | 29.3M/104M [00:07<00:25, 3.03MB/s]
<multiple>:  29%|██▉       | 30.0M/104M [00:07<00:21, 3.62MB/s]
<multiple>:  29%|██▉       | 30.7M/104M [00:07<00:18, 4.14MB/s]
<multiple>:  30%|███       | 31.6M/104M [00:07<00:15, 5.07MB/s]
<multiple>:  31%|███       | 32.4M/104M [00:08<00:12, 5.96MB/s]
<multiple>:  32%|███▏      | 33.3M/104M [00:08<00:11, 6.60MB/s]
<multiple>:  33%|███▎      | 34.1M/104M [00:08<00:23, 3.11MB/s]
<multiple>:  33%|███▎      | 34.9M/104M [00:08<00:19, 3.79MB/s]
<multiple>:  34%|███▍      | 35.8M/104M [00:08<00:15, 4.74MB/s]
<multiple>:  35%|███▌      | 36.7M/104M [00:09<00:12, 5.62MB/s]Recovering from HTTP error [429 Too Many Requests], attempt 1 of 500
Retrying in 120 seconds

<multiple>:  36%|███▌      | 37.6M/104M [00:22<00:12, 5.62MB/s]
<multiple>:  36%|███▌      | 37.6M/104M [02:10<46:41, 25.0kB/s]
<multiple>:  36%|███▋      | 38.0M/104M [02:10<38:12, 30.4kB/s]
<multiple>:  37%|███▋      | 38.8M/104M [02:10<26:22, 43.5kB/s]
<multiple>:  38%|███▊      | 39.5M/104M [02:10<18:11, 62.3kB/s]
<multiple>:  39%|███▉      | 40.5M/104M [02:10<11:47, 94.8kB/s]
<multiple>:  40%|███▉      | 41.4M/104M [02:10<07:45, 142kB/s] 
<multiple>:  40%|████      | 42.2M/104M [02:11<05:39, 192kB/s]
<multiple>:  41%|████      | 43.0M/104M [02:11<04:04, 264kB/s]
<multiple>:  42%|████▏     | 43.8M/104M [02:11<02:49, 375kB/s]
<multiple>:  43%|████▎     | 44.5M/104M [02:11<02:03, 508kB/s]
<multiple>:  44%|████▎     | 45.5M/104M [02:11<01:21, 757kB/s]
<multiple>:  44%|████▍     | 46.3M/104M [02:12<01:09, 875kB/s]
<multiple>:  45%|████▌     | 47.0M/104M [02:12<00:52, 1.15MB/s]
<multiple>:  46%|████▌     | 47.9M/104M [02:12<00:36, 1.62MB/s]
<multiple>:  47%|████▋     | 48.8M/104M [02:12<00:27, 2.13MB/s]
<multiple>:  48%|████▊     | 49.7M/104M [02:12<00:20, 2.82MB/s]
<multiple>:  48%|████▊     | 50.5M/104M [02:13<00:26, 2.13MB/s]
<multiple>:  49%|████▉     | 51.2M/104M [02:13<00:20, 2.70MB/s]
<multiple>:  50%|████▉     | 52.1M/104M [02:13<00:16, 3.40MB/s]
<multiple>:  51%|█████     | 52.8M/104M [02:13<00:13, 3.91MB/s]
<multiple>:  51%|█████▏    | 53.7M/104M [02:13<00:10, 4.95MB/s]
<multiple>:  52%|█████▏    | 54.5M/104M [02:14<00:18, 2.83MB/s]
<multiple>:  53%|█████▎    | 55.1M/104M [02:14<00:15, 3.28MB/s]
<multiple>:  53%|█████▎    | 55.7M/104M [02:14<00:13, 3.66MB/s]
<multiple>:  54%|█████▍    | 56.5M/104M [02:14<00:11, 4.37MB/s]
<multiple>:  55%|█████▍    | 57.1M/104M [02:14<00:10, 4.85MB/s]
<multiple>:  56%|█████▌    | 58.1M/104M [02:14<00:08, 5.98MB/s]
<multiple>:  56%|█████▋    | 58.8M/104M [02:15<00:15, 3.02MB/s]
<multiple>:  57%|█████▋    | 59.7M/104M [02:15<00:12, 3.77MB/s]
<multiple>:  58%|█████▊    | 60.5M/104M [02:15<00:09, 4.63MB/s]
<multiple>:  59%|█████▉    | 61.5M/104M [02:15<00:07, 5.66MB/s]
<multiple>:  60%|█████▉    | 62.3M/104M [02:15<00:06, 6.30MB/s]
<multiple>:  60%|██████    | 63.1M/104M [02:16<00:13, 3.15MB/s]
<multiple>:  61%|██████    | 63.9M/104M [02:16<00:11, 3.75MB/s]
<multiple>:  62%|██████▏   | 64.6M/104M [02:16<00:09, 4.47MB/s]
<multiple>:  63%|██████▎   | 65.4M/104M [02:16<00:08, 4.99MB/s]
<multiple>:  64%|██████▎   | 66.3M/104M [02:16<00:06, 6.02MB/s]
<multiple>:  64%|██████▍   | 67.1M/104M [02:17<00:12, 3.11MB/s]
<multiple>:  65%|██████▌   | 67.9M/104M [02:17<00:09, 3.85MB/s]
<multiple>:  66%|██████▌   | 68.6M/104M [02:17<00:08, 4.28MB/s]
<multiple>:  67%|██████▋   | 69.5M/104M [02:17<00:07, 5.16MB/s]
<multiple>:  67%|██████▋   | 70.2M/104M [02:17<00:06, 5.52MB/s]
<multiple>:  68%|██████▊   | 71.0M/104M [02:18<00:10, 3.19MB/s]
<multiple>:  69%|██████▊   | 71.5M/104M [02:18<00:09, 3.47MB/s]
<multiple>:  69%|██████▉   | 72.2M/104M [02:18<00:08, 4.10MB/s]
<multiple>:  70%|███████   | 73.1M/104M [02:18<00:06, 5.00MB/s]
<multiple>:  71%|███████   | 73.9M/104M [02:18<00:05, 5.70MB/s]
<multiple>:  72%|███████▏  | 74.8M/104M [02:18<00:04, 6.59MB/s]
<multiple>:  72%|███████▏  | 75.5M/104M [02:19<00:09, 3.06MB/s]
<multiple>:  73%|███████▎  | 76.4M/104M [02:19<00:07, 3.85MB/s]
<multiple>:  74%|███████▍  | 77.2M/104M [02:19<00:06, 4.56MB/s]
<multiple>:  75%|███████▍  | 78.0M/104M [02:19<00:05, 5.21MB/s]
<multiple>:  76%|███████▌  | 78.9M/104M [02:20<00:04, 6.04MB/s]
<multiple>:  76%|███████▋  | 79.6M/104M [02:20<00:08, 3.09MB/s]
<multiple>:  77%|███████▋  | 80.2M/104M [02:20<00:07, 3.53MB/s]
<multiple>:  78%|███████▊  | 81.1M/104M [02:20<00:05, 4.42MB/s]
<multiple>:  78%|███████▊  | 81.9M/104M [02:20<00:04, 5.14MB/s]
<multiple>:  79%|███████▉  | 82.9M/104M [02:21<00:03, 6.11MB/s]
<multiple>:  80%|████████  | 83.6M/104M [02:21<00:06, 3.14MB/s]
<multiple>:  81%|████████  | 84.5M/104M [02:21<00:05, 3.85MB/s]
<multiple>:  82%|████████▏ | 85.3M/104M [02:21<00:04, 4.54MB/s]
<multiple>:  82%|████████▏ | 86.0M/104M [02:21<00:03, 5.20MB/s]
<multiple>:  83%|████████▎ | 87.0M/104M [02:21<00:02, 6.22MB/s]
<multiple>:  84%|████████▍ | 87.8M/104M [02:22<00:05, 3.24MB/s]
<multiple>:  85%|████████▍ | 88.5M/104M [02:22<00:04, 3.71MB/s]
<multiple>:  86%|████████▌ | 89.4M/104M [02:22<00:03, 4.56MB/s]
<multiple>:  86%|████████▋ | 90.2M/104M [02:22<00:02, 5.31MB/s]
<multiple>:  87%|████████▋ | 91.1M/104M [02:22<00:02, 6.17MB/s]
<multiple>:  88%|████████▊ | 91.9M/104M [02:23<00:03, 3.29MB/s]
<multiple>:  89%|████████▊ | 92.5M/104M [02:23<00:03, 3.64MB/s]
<multiple>:  89%|████████▉ | 93.0M/104M [02:23<00:02, 3.96MB/s]
<multiple>:  90%|████████▉ | 93.9M/104M [02:23<00:02, 4.95MB/s]
<multiple>:  91%|█████████ | 94.9M/104M [02:23<00:01, 5.97MB/s]
<multiple>:  92%|█████████▏| 95.9M/104M [02:24<00:01, 7.07MB/s]
<multiple>:  93%|█████████▎| 96.7M/104M [02:24<00:02, 3.33MB/s]
<multiple>:  93%|█████████▎| 97.5M/104M [02:24<00:01, 4.00MB/s]
<multiple>:  94%|█████████▍| 98.3M/104M [02:24<00:01, 4.63MB/s]
<multiple>:  95%|█████████▍| 99.1M/104M [02:24<00:01, 5.41MB/s]
<multiple>:  96%|█████████▌| 100M/104M [02:25<00:00, 6.22MB/s] 
<multiple>:  97%|█████████▋| 101M/104M [02:25<00:01, 2.83MB/s]
<multiple>:  97%|█████████▋| 101M/104M [02:25<00:00, 3.24MB/s]
<multiple>:  98%|█████████▊| 102M/104M [02:25<00:00, 3.54MB/s]
<multiple>:  98%|█████████▊| 103M/104M [02:26<00:00, 3.76MB/s]
<multiple>:  99%|█████████▉| 103M/104M [02:26<00:00, 4.09MB/s]
<multiple>:  99%|█████████▉| 104M/104M [02:26<00:00, 4.46MB/s]
<multiple>: 100%|█████████▉| 104M/104M [02:26<00:00, 5.10MB/s]
                                                              
✅ Soil layers appended to surface file.
✅ Surface parameters saved to: simulation/inputs/ecmwf_sfc_2026-08-08_00Z.grib2 (223.4 MB)
⚠️ grib_set CLI error: [Errno 2] No such file or directory: 'grib_set'. Falling back to Python API.
🔄 Repacking ecmwf_pl_2026-08-08_00Z.grib2 via Python API (CCSDS -> Simple)...
✅ Repacked ecmwf_pl_2026-08-08_00Z.grib2 via Python (1500 messages, 1500 modified).
⚠️ grib_set CLI error: [Errno 2] No such file or directory: 'grib_set'. Falling back to Python API.
🔄 Repacking ecmwf_sfc_2026-08-08_00Z.grib2 via Python API (CCSDS -> Simple)...
✅ Repacked ecmwf_sfc_2026-08-08_00Z.grib2 via Python (425 messages, 425 modified).
✅ Normalized 200 ECMWF soil messages for WPS across 8 variable/layer combinations.
✅ Decoded all 1500 payloads in ecmwf_pl_2026-08-08_00Z.grib2.
✅ Decoded all 425 payloads in ecmwf_sfc_2026-08-08_00Z.grib2.
✅ Validated ecmwf_pl_2026-08-08_00Z.grib2: 25 valid times, 25 required times present.
✅ Validated ecmwf_sfc_2026-08-08_00Z.grib2: 25 valid times, 25 required times present.
✅ Validated ecmwf_pl_2026-08-08_00Z.grib2: preserved cycle and forecast steps.
✅ Validated ecmwf_sfc_2026-08-08_00Z.grib2: preserved cycle and forecast steps.
☁️ Uploading ecmwf_pl_2026-08-08_00Z.grib2 to gs://predsea-daily-outputs-test/forcing/ecmwf/2026-08-08/ecmwf_pl_2026-08-08_00Z.grib2...
✅ Uploaded successfully.
☁️ Uploading ecmwf_sfc_2026-08-08_00Z.grib2 to gs://predsea-daily-outputs-test/forcing/ecmwf/2026-08-08/ecmwf_sfc_2026-08-08_00Z.grib2...
✅ Uploaded successfully.
☁️ Uploading forcing_metadata.json to gs://predsea-daily-outputs-test/forcing/ecmwf/2026-08-08/forcing_metadata.json...
✅ Uploaded successfully.
🎉 Forcing data (2026-08-08 00Z) successfully archived in GCS.
Running: /Users/charles.santana/Kultrip/predsea-system/.venv311/bin/python /Users/charles.santana/Kultrip/predsea-system/scripts/fetch_cmems_forcing.py --run-date=2026-08-08 --gcs-bucket=predsea-daily-outputs-test --skip-if-exists
✅ cmems_ocean_forcing.nc already exists locally. Skipping download due to --skip-if-exists.
☁️ Uploading cmems_ocean_forcing.nc to gs://predsea-daily-outputs-test/forcing/cmems/2026-08-08/cmems_ocean_forcing.nc...
✅ Uploaded successfully.
🎉 CMEMS file successfully archived in GCS.

============================================================
👉 [STEP] 1.5. Pre-generating namelist.wps for simulation run
============================================================
Running: /Users/charles.santana/Kultrip/predsea-system/.venv311/bin/python /Users/charles.santana/Kultrip/predsea-system/simulation/setup_domain.py --output=/Users/charles.santana/Kultrip/predsea-system/tmp/namelist.wps --start-date=2026-08-08_00:00:00 --end-date=2026-08-11_00:00:00
/Users/charles.santana/Kultrip/predsea-system/tmp/namelist.wps
☁️ Uploading namelist.wps to gs://predsea-daily-outputs-test/forcing/ecmwf/2026-08-08/namelist.wps...
✅ Uploaded successfully via Python SDK.
☁️ Uploading run_pipeline.sh to gs://predsea-daily-outputs-test/forcing/ecmwf/2026-08-08/run_pipeline.sh...
✅ Uploaded successfully via Python SDK.
☁️ Uploading setup_domain.py to gs://predsea-daily-outputs-test/forcing/ecmwf/2026-08-08/setup_domain.py...
✅ Uploaded successfully via Python SDK.
☁️ Uploading Vtable.ECMWF_grib2 to gs://predsea-daily-outputs-test/forcing/ecmwf/2026-08-08/Vtable.ECMWF_grib2...
✅ Uploaded successfully via Python SDK.

============================================================
👉 [STEP] 2. Launching simulation VM
============================================================
♻️ WRF VM attempt 1/3; reusing forcing from GCS.
🚀 VM launch attempt 1/9: zone=europe-west1-b, machine=n2-standard-64, model=STANDARD
Running: /Users/charles.santana/Kultrip/predsea-system/.venv311/bin/python /Users/charles.santana/Kultrip/predsea-system/scripts/gcp_orchestrator.py --instance-name=predsea-sim-20260808-203523 --run-date=2026-08-08 --run-id=2026-08-08T2021Z --gcs-bucket=predsea-daily-outputs-test --image-tag=latest --boot-disk-size=350GB --forecast-hours=72 --zone=europe-west1-b --machine-type=n2-standard-64 --provisioning-model=STANDARD
=============================================
🚀 Preparing to launch STANDARD VM: predsea-sim-20260808-203523 (role=wrf)
📍 Zone: europe-west1-b
💻 Machine Type: n2-standard-64
🪧 Startup Script: /Users/charles.santana/Kultrip/predsea-system/scripts/vm_startup.sh
📦 Bucket: predsea-daily-outputs-test
🏷️ Run Date: 2026-08-08 | Run ID: 2026-08-08T2021Z
🕒 Forecast horizon: 72 hours
=============================================
Executing: gcloud compute instances create predsea-sim-20260808-203523 --project=predsea-api --zone=europe-west1-b --machine-type=n2-standard-64 --image-family=debian-11 --image-project=debian-cloud --boot-disk-size=350GB --subnet=default --provisioning-model=STANDARD --scopes=https://www.googleapis.com/auth/cloud-platform --metadata-from-file=startup-script=/Users/charles.santana/Kultrip/predsea-system/scripts/vm_startup.sh --metadata=gcs-bucket=predsea-daily-outputs-test,run-date=2026-08-08,run-id=2026-08-08T2021Z,image-tag=latest,execution-mode=container,forecast-hours=72 --quiet
✅ Instance successfully requested.
NAME                         ZONE            MACHINE_TYPE    PREEMPTIBLE  INTERNAL_IP  EXTERNAL_IP   STATUS
predsea-sim-20260808-203523  europe-west1-b  n2-standard-64               10.132.0.27  104.199.58.0  RUNNING

💡 Note: The instance will run, upload outputs to gs://predsea-daily-outputs-test/predictions/2026-08-08/runs/2026-08-08T2021Z/, and automatically delete itself when finished.
To monitor logs, check Serial Port 1 in the GCP Console, or run:
  gcloud compute instances get-serial-port-output predsea-sim-20260808-203523 --zone=europe-west1-b --project=predsea-api
✅ VM selected: zone=europe-west1-b, machine=n2-standard-64, model=STANDARD

============================================================
👉 [STEP] 2b. Publishing preliminary forecast while WRF runs
============================================================
Running: /Users/charles.santana/Kultrip/predsea-system/.venv311/bin/python /Users/charles.santana/Kultrip/predsea-system/scripts/generate_daily_briefing.py --date=2026-08-08 --run-id=2026-08-08T2021Z --publication-phase=preliminary --wrf-status=running --skip-maps --skip-bigquery
Portus model points fetched: endpoint=https://portus.puertos.es/portussvr/api/puntosMalla/portus/pred/Cirana?verif=true model_name=Cirana rows=3 cache_path=mvp_data/portus/model_points_Cirana.json
❌ Error fetching Copernicus in-situ observations: login() got an unexpected keyword argument 'force_service_selection'
Fetching forecast source: copernicus
  Output directory: /Users/charles.santana/Kultrip/predsea-system/humanintheloop/mvp_data/copernicus
Fetching Western Mediterranean Currents (4.2km resolution)...
Fetching Western Mediterranean Waves (4.2km resolution)...
Resolved canonical Copernicus outputs: waves=/Users/charles.santana/Kultrip/predsea-system/humanintheloop/mvp_data/copernicus/balearic_waves.nc currents=/Users/charles.santana/Kultrip/predsea-system/humanintheloop/mvp_data/copernicus/balearic_currents.nc

Success! Files downloaded to /Users/charles.santana/Kultrip/predsea-system/humanintheloop/mvp_data/copernicus/
Canonical forecast files: waves=/Users/charles.santana/Kultrip/predsea-system/humanintheloop/mvp_data/copernicus/balearic_waves.nc currents=/Users/charles.santana/Kultrip/predsea-system/humanintheloop/mvp_data/copernicus/balearic_currents.nc
You can now open these with xarray to find the 'Certeza' for your captains.
Fetched forecast source copernicus into /Users/charles.santana/Kultrip/predsea-system/humanintheloop/mvp_data/copernicus
INFO - 2026-08-08T20:44:07Z - Selected dataset version: "202511"
INFO - 2026-08-08T20:44:07Z - Selected dataset part: "default"

  0%|          | [00:00<?]
  2%|▏         | [00:25<23:07]
 36%|███▌      | [00:25<00:32]
 59%|█████▉    | [00:30<00:15]
 73%|███████▎  | [00:32<00:08]
 86%|████████▌ | [00:34<00:03]
 93%|█████████▎| [00:35<00:01]
100%|██████████| [00:35<00:00]
INFO - 2026-08-08T20:44:44Z - Total size of the download: 118.65 MB.
INFO - 2026-08-08T20:44:45Z - Selected dataset version: "202311"
INFO - 2026-08-08T20:44:45Z - Selected dataset part: "default"

  0%|          | [00:00<?]
  2%|▏         | [00:45<35:17]
 19%|█▉        | [00:45<02:22]
 27%|██▋       | [00:45<01:18]
 35%|███▌      | [00:48<00:50]
 44%|████▍     | [00:48<00:29]
 50%|█████     | [01:02<00:26]
 52%|█████▏    | [01:20<01:17]
 56%|█████▋    | [01:21<00:58]
 65%|██████▍   | [01:22<00:32]
 69%|██████▉   | [01:22<00:23]
 73%|███████▎  | [01:23<00:16]
 77%|███████▋  | [01:23<00:11]
 85%|████████▌ | [01:23<00:04]
 90%|████████▉ | [01:24<00:03]
 94%|█████████▍| [01:25<00:01]
 98%|█████████▊| [01:25<00:00]
100%|██████████| [01:25<00:00]
INFO - 2026-08-08T20:46:12Z - Total size of the download: 236.85 MB.
Forecast source ready: copernicus (waves=/Users/charles.santana/Kultrip/predsea-system/humanintheloop/mvp_data/copernicus/balearic_waves.nc, currents=/Users/charles.santana/Kultrip/predsea-system/humanintheloop/mvp_data/copernicus/balearic_currents.nc)
Traceback (most recent call last):
  File "/Users/charles.santana/Kultrip/predsea-system/scripts/generate_daily_briefing.py", line 1524, in <module>
    main()
  File "/Users/charles.santana/Kultrip/predsea-system/scripts/generate_daily_briefing.py", line 1504, in main
    result = generate_daily_briefings(
             ^^^^^^^^^^^^^^^^^^^^^^^^^
  File "/Users/charles.santana/Kultrip/predsea-system/scripts/generate_daily_briefing.py", line 1320, in generate_daily_briefings
    copy_preferred_route_artifacts(source_route_dir, run_dir / route_id)
  File "/Users/charles.santana/Kultrip/predsea-system/scripts/generate_daily_briefing.py", line 1177, in copy_preferred_route_artifacts
    shutil.copytree(source_route_dir, preferred_route_dir)
  File "/opt/homebrew/Cellar/python@3.11/3.11.14_3/Frameworks/Python.framework/Versions/3.11/lib/python3.11/shutil.py", line 573, in copytree
    return _copytree(entries=entries, src=src, dst=dst, symlinks=symlinks,
           ^^^^^^^^^^^^^^^^^^^^^^^^^^^^^^^^^^^^^^^^^^^^^^^^^^^^^^^^^^^^^^^
  File "/opt/homebrew/Cellar/python@3.11/3.11.14_3/Frameworks/Python.framework/Versions/3.11/lib/python3.11/shutil.py", line 527, in _copytree
    raise Error(errors)
shutil.Error: [('/Users/charles.santana/Kultrip/predsea-system/outputs/2026-08-08/runs/2026-08-08T2021Z/sources/copernicus/bonifacio_palma/daily_snapshot.json', '/Users/charles.santana/Kultrip/predsea-system/outputs/2026-08-08/runs/2026-08-08T2021Z/bonifacio_palma/daily_snapshot.json', "[Errno 28] No space left on device: '/Users/charles.santana/Kultrip/predsea-system/outputs/2026-08-08/runs/2026-08-08T2021Z/sources/copernicus/bonifacio_palma/daily_snapshot.json' -> '/Users/charles.santana/Kultrip/predsea-system/outputs/2026-08-08/runs/2026-08-08T2021Z/bonifacio_palma/daily_snapshot.json'")]
❌ Command failed with return code 1
⚠️ Preliminary publication failed; WRF continues and the final publication will still be attempted.

============================================================
👉 [STEP] 3. Polling WRF VM until self-termination (STANDARD/n2-standard-64)
============================================================
ℹ️ Instance predsea-sim-20260808-203523 status: RUNNING
⏳ Still running... Elapsed time: 0.0 minutes. Checking again in 30s...
ℹ️ Instance predsea-sim-20260808-203523 status: RUNNING
⏳ Still running... Elapsed time: 0.5 minutes. Checking again in 30s...
ℹ️ Instance predsea-sim-20260808-203523 status: RUNNING
⏳ Still running... Elapsed time: 1.0 minutes. Checking again in 30s...
ℹ️ Instance predsea-sim-20260808-203523 status: RUNNING
⏳ Still running... Elapsed time: 1.6 minutes. Checking again in 30s...
ℹ️ Instance predsea-sim-20260808-203523 status: RUNNING
⏳ Still running... Elapsed time: 2.1 minutes. Checking again in 30s...
ℹ️ Instance predsea-sim-20260808-203523 status: RUNNING
⏳ Still running... Elapsed time: 2.6 minutes. Checking again in 30s...
ℹ️ Instance predsea-sim-20260808-203523 status: RUNNING
⏳ Still running... Elapsed time: 3.1 minutes. Checking again in 30s...
ℹ️ Instance predsea-sim-20260808-203523 status: RUNNING
⏳ Still running... Elapsed time: 3.6 minutes. Checking again in 30s...
ℹ️ Instance predsea-sim-20260808-203523 status: RUNNING
⏳ Still running... Elapsed time: 4.1 minutes. Checking again in 30s...
ℹ️ Instance predsea-sim-20260808-203523 status: RUNNING
⏳ Still running... Elapsed time: 4.7 minutes. Checking again in 30s...
ℹ️ Instance predsea-sim-20260808-203523 status: RUNNING
⏳ Still running... Elapsed time: 5.2 minutes. Checking again in 30s...
ℹ️ Instance predsea-sim-20260808-203523 status: RUNNING
⏳ Still running... Elapsed time: 5.7 minutes. Checking again in 30s...
ℹ️ Instance predsea-sim-20260808-203523 status: RUNNING
⏳ Still running... Elapsed time: 6.2 minutes. Checking again in 30s...
ℹ️ Instance predsea-sim-20260808-203523 status: RUNNING
⏳ Still running... Elapsed time: 6.7 minutes. Checking again in 30s...
ℹ️ Instance predsea-sim-20260808-203523 status: RUNNING
⏳ Still running... Elapsed time: 7.2 minutes. Checking again in 30s...
ℹ️ Instance predsea-sim-20260808-203523 status: RUNNING
⏳ Still running... Elapsed time: 7.7 minutes. Checking again in 30s...
ℹ️ Instance predsea-sim-20260808-203523 status: RUNNING
⏳ Still running... Elapsed time: 8.3 minutes. Checking again in 30s...
ℹ️ Instance predsea-sim-20260808-203523 status: RUNNING
⏳ Still running... Elapsed time: 8.8 minutes. Checking again in 30s...
ℹ️ Instance predsea-sim-20260808-203523 status: RUNNING
⏳ Still running... Elapsed time: 9.3 minutes. Checking again in 30s...
ℹ️ Instance predsea-sim-20260808-203523 status: RUNNING
⏳ Still running... Elapsed time: 9.8 minutes. Checking again in 30s...
ℹ️ Instance predsea-sim-20260808-203523 status: RUNNING
⏳ Still running... Elapsed time: 10.3 minutes. Checking again in 30s...
ℹ️ Instance predsea-sim-20260808-203523 status: RUNNING
⏳ Still running... Elapsed time: 10.9 minutes. Checking again in 30s...
ℹ️ Instance predsea-sim-20260808-203523 status: RUNNING
⏳ Still running... Elapsed time: 11.4 minutes. Checking again in 30s...
ℹ️ Instance predsea-sim-20260808-203523 status: RUNNING
⏳ Still running... Elapsed time: 11.9 minutes. Checking again in 30s...
ℹ️ Instance predsea-sim-20260808-203523 status: RUNNING
⏳ Still running... Elapsed time: 12.4 minutes. Checking again in 30s...
ℹ️ Instance predsea-sim-20260808-203523 status: RUNNING
⏳ Still running... Elapsed time: 12.9 minutes. Checking again in 30s...
ℹ️ Instance predsea-sim-20260808-203523 status: RUNNING
⏳ Still running... Elapsed time: 13.4 minutes. Checking again in 30s...
ℹ️ Instance predsea-sim-20260808-203523 status: RUNNING
⏳ Still running... Elapsed time: 14.0 minutes. Checking again in 30s...
ℹ️ Instance predsea-sim-20260808-203523 status: RUNNING
⏳ Still running... Elapsed time: 14.5 minutes. Checking again in 30s...
ℹ️ Instance predsea-sim-20260808-203523 status: RUNNING
⏳ Still running... Elapsed time: 15.0 minutes. Checking again in 30s...
ℹ️ Instance predsea-sim-20260808-203523 status: RUNNING
⏳ Still running... Elapsed time: 15.5 minutes. Checking again in 30s...
ℹ️ Instance predsea-sim-20260808-203523 status: RUNNING
⏳ Still running... Elapsed time: 16.0 minutes. Checking again in 30s...
ℹ️ Instance predsea-sim-20260808-203523 status: RUNNING
⏳ Still running... Elapsed time: 16.6 minutes. Checking again in 30s...
ℹ️ Instance predsea-sim-20260808-203523 status: RUNNING
⏳ Still running... Elapsed time: 17.1 minutes. Checking again in 30s...
ℹ️ Instance predsea-sim-20260808-203523 status: RUNNING
⏳ Still running... Elapsed time: 17.6 minutes. Checking again in 30s...
ℹ️ Instance predsea-sim-20260808-203523 status: RUNNING
⏳ Still running... Elapsed time: 18.1 minutes. Checking again in 30s...
ℹ️ Instance predsea-sim-20260808-203523 status: RUNNING
⏳ Still running... Elapsed time: 18.6 minutes. Checking again in 30s...
ℹ️ Instance predsea-sim-20260808-203523 status: RUNNING
⏳ Still running... Elapsed time: 19.1 minutes. Checking again in 30s...
ℹ️ Instance predsea-sim-20260808-203523 status: RUNNING
⏳ Still running... Elapsed time: 19.7 minutes. Checking again in 30s...
ℹ️ Instance predsea-sim-20260808-203523 status: RUNNING
⏳ Still running... Elapsed time: 20.2 minutes. Checking again in 30s...
ℹ️ Instance predsea-sim-20260808-203523 status: RUNNING
⏳ Still running... Elapsed time: 20.7 minutes. Checking again in 30s...
ℹ️ Instance predsea-sim-20260808-203523 status: RUNNING
⏳ Still running... Elapsed time: 21.2 minutes. Checking again in 30s...
ℹ️ Instance predsea-sim-20260808-203523 status: RUNNING
⏳ Still running... Elapsed time: 21.7 minutes. Checking again in 30s...
ℹ️ Instance predsea-sim-20260808-203523 status: RUNNING
⏳ Still running... Elapsed time: 22.3 minutes. Checking again in 30s...
ℹ️ Instance predsea-sim-20260808-203523 status: RUNNING
⏳ Still running... Elapsed time: 22.8 minutes. Checking again in 30s...
ℹ️ Instance predsea-sim-20260808-203523 status: RUNNING
⏳ Still running... Elapsed time: 23.3 minutes. Checking again in 30s...
ℹ️ Instance predsea-sim-20260808-203523 status: RUNNING
⏳ Still running... Elapsed time: 23.8 minutes. Checking again in 30s...
ℹ️ Instance predsea-sim-20260808-203523 status: RUNNING
⏳ Still running... Elapsed time: 24.3 minutes. Checking again in 30s...
ℹ️ Instance predsea-sim-20260808-203523 status: RUNNING
⏳ Still running... Elapsed time: 24.9 minutes. Checking again in 30s...
ℹ️ Instance predsea-sim-20260808-203523 status: RUNNING
⏳ Still running... Elapsed time: 25.4 minutes. Checking again in 30s...
ℹ️ Instance predsea-sim-20260808-203523 status: RUNNING
⏳ Still running... Elapsed time: 25.9 minutes. Checking again in 30s...
ℹ️ Instance predsea-sim-20260808-203523 status: RUNNING
⏳ Still running... Elapsed time: 26.4 minutes. Checking again in 30s...
ℹ️ Instance predsea-sim-20260808-203523 status: RUNNING
⏳ Still running... Elapsed time: 26.9 minutes. Checking again in 30s...
ℹ️ Instance predsea-sim-20260808-203523 status: RUNNING
⏳ Still running... Elapsed time: 27.5 minutes. Checking again in 30s...
ℹ️ Instance predsea-sim-20260808-203523 status: RUNNING
⏳ Still running... Elapsed time: 28.0 minutes. Checking again in 30s...
ℹ️ Instance predsea-sim-20260808-203523 status: RUNNING
⏳ Still running... Elapsed time: 28.5 minutes. Checking again in 30s...
ℹ️ Instance predsea-sim-20260808-203523 status: RUNNING
⏳ Still running... Elapsed time: 29.0 minutes. Checking again in 30s...
ℹ️ Instance predsea-sim-20260808-203523 status: RUNNING
⏳ Still running... Elapsed time: 29.5 minutes. Checking again in 30s...
ℹ️ Instance predsea-sim-20260808-203523 status: RUNNING
⏳ Still running... Elapsed time: 30.0 minutes. Checking again in 30s...
ℹ️ Instance predsea-sim-20260808-203523 status: RUNNING
⏳ Still running... Elapsed time: 30.6 minutes. Checking again in 30s...
ℹ️ Instance predsea-sim-20260808-203523 status: RUNNING
⏳ Still running... Elapsed time: 31.1 minutes. Checking again in 30s...
ℹ️ Instance predsea-sim-20260808-203523 status: RUNNING
⏳ Still running... Elapsed time: 31.6 minutes. Checking again in 30s...
ℹ️ Instance predsea-sim-20260808-203523 status: RUNNING
⏳ Still running... Elapsed time: 32.1 minutes. Checking again in 30s...
ℹ️ Instance predsea-sim-20260808-203523 status: RUNNING
⏳ Still running... Elapsed time: 32.7 minutes. Checking again in 30s...
ℹ️ Instance predsea-sim-20260808-203523 status: RUNNING
⏳ Still running... Elapsed time: 33.2 minutes. Checking again in 30s...
ℹ️ Instance predsea-sim-20260808-203523 status: RUNNING
⏳ Still running... Elapsed time: 33.7 minutes. Checking again in 30s...
ℹ️ Instance predsea-sim-20260808-203523 status: RUNNING
⏳ Still running... Elapsed time: 34.2 minutes. Checking again in 30s...
ℹ️ Instance predsea-sim-20260808-203523 status: RUNNING
⏳ Still running... Elapsed time: 34.7 minutes. Checking again in 30s...
ℹ️ Instance predsea-sim-20260808-203523 status: RUNNING
⏳ Still running... Elapsed time: 35.3 minutes. Checking again in 30s...
ℹ️ Instance predsea-sim-20260808-203523 status: RUNNING
⏳ Still running... Elapsed time: 35.8 minutes. Checking again in 30s...
ℹ️ Instance predsea-sim-20260808-203523 status: RUNNING
⏳ Still running... Elapsed time: 36.3 minutes. Checking again in 30s...
ℹ️ Instance predsea-sim-20260808-203523 status: RUNNING
⏳ Still running... Elapsed time: 36.8 minutes. Checking again in 30s...
ℹ️ Instance predsea-sim-20260808-203523 status: RUNNING
⏳ Still running... Elapsed time: 37.3 minutes. Checking again in 30s...
ℹ️ Instance predsea-sim-20260808-203523 status: RUNNING
⏳ Still running... Elapsed time: 37.9 minutes. Checking again in 30s...
ℹ️ Instance predsea-sim-20260808-203523 status: RUNNING
⏳ Still running... Elapsed time: 38.4 minutes. Checking again in 30s...
ℹ️ Instance predsea-sim-20260808-203523 status: RUNNING
⏳ Still running... Elapsed time: 38.9 minutes. Checking again in 30s...
ℹ️ Instance predsea-sim-20260808-203523 status: RUNNING
⏳ Still running... Elapsed time: 39.4 minutes. Checking again in 30s...
ℹ️ Instance predsea-sim-20260808-203523 status: RUNNING
⏳ Still running... Elapsed time: 39.9 minutes. Checking again in 30s...
ℹ️ Instance predsea-sim-20260808-203523 status: RUNNING
⏳ Still running... Elapsed time: 40.5 minutes. Checking again in 30s...
ℹ️ Instance predsea-sim-20260808-203523 status: RUNNING
⏳ Still running... Elapsed time: 41.0 minutes. Checking again in 30s...
ℹ️ Instance predsea-sim-20260808-203523 status: RUNNING
⏳ Still running... Elapsed time: 41.5 minutes. Checking again in 30s...
ℹ️ Instance predsea-sim-20260808-203523 status: RUNNING
⏳ Still running... Elapsed time: 42.0 minutes. Checking again in 30s...
ℹ️ Instance predsea-sim-20260808-203523 status: RUNNING
⏳ Still running... Elapsed time: 42.6 minutes. Checking again in 30s...
ℹ️ Instance predsea-sim-20260808-203523 status: RUNNING
⏳ Still running... Elapsed time: 43.1 minutes. Checking again in 30s...
ℹ️ Instance predsea-sim-20260808-203523 status: RUNNING
⏳ Still running... Elapsed time: 43.6 minutes. Checking again in 30s...
ℹ️ Instance predsea-sim-20260808-203523 status: RUNNING
⏳ Still running... Elapsed time: 44.1 minutes. Checking again in 30s...
ℹ️ Instance predsea-sim-20260808-203523 status: RUNNING
⏳ Still running... Elapsed time: 44.6 minutes. Checking again in 30s...
ℹ️ Instance predsea-sim-20260808-203523 status: RUNNING
⏳ Still running... Elapsed time: 45.2 minutes. Checking again in 30s...
ℹ️ Instance predsea-sim-20260808-203523 status: RUNNING
⏳ Still running... Elapsed time: 45.7 minutes. Checking again in 30s...
ℹ️ Instance predsea-sim-20260808-203523 status: RUNNING
⏳ Still running... Elapsed time: 46.2 minutes. Checking again in 30s...
ℹ️ Instance predsea-sim-20260808-203523 status: RUNNING
⏳ Still running... Elapsed time: 46.7 minutes. Checking again in 30s...
ℹ️ Instance predsea-sim-20260808-203523 status: RUNNING
⏳ Still running... Elapsed time: 47.3 minutes. Checking again in 30s...
ℹ️ Instance predsea-sim-20260808-203523 status: RUNNING
⏳ Still running... Elapsed time: 47.8 minutes. Checking again in 30s...
ℹ️ Instance predsea-sim-20260808-203523 status: RUNNING
⏳ Still running... Elapsed time: 48.3 minutes. Checking again in 30s...
ℹ️ Instance predsea-sim-20260808-203523 status: RUNNING
⏳ Still running... Elapsed time: 48.8 minutes. Checking again in 30s...
ℹ️ Instance predsea-sim-20260808-203523 status: RUNNING
⏳ Still running... Elapsed time: 49.3 minutes. Checking again in 30s...
ℹ️ Instance predsea-sim-20260808-203523 status: RUNNING
⏳ Still running... Elapsed time: 49.8 minutes. Checking again in 30s...
ℹ️ Instance predsea-sim-20260808-203523 status: RUNNING
⏳ Still running... Elapsed time: 50.4 minutes. Checking again in 30s...
ℹ️ Instance predsea-sim-20260808-203523 status: RUNNING
⏳ Still running... Elapsed time: 50.9 minutes. Checking again in 30s...
ℹ️ Instance predsea-sim-20260808-203523 status: RUNNING
⏳ Still running... Elapsed time: 51.4 minutes. Checking again in 30s...
ℹ️ Instance predsea-sim-20260808-203523 status: RUNNING
⏳ Still running... Elapsed time: 51.9 minutes. Checking again in 30s...
ℹ️ Instance predsea-sim-20260808-203523 status: RUNNING
⏳ Still running... Elapsed time: 52.4 minutes. Checking again in 30s...
ℹ️ Instance predsea-sim-20260808-203523 status: RUNNING
⏳ Still running... Elapsed time: 53.0 minutes. Checking again in 30s...
ℹ️ Instance predsea-sim-20260808-203523 status: RUNNING
⏳ Still running... Elapsed time: 53.5 minutes. Checking again in 30s...
ℹ️ Instance predsea-sim-20260808-203523 status: RUNNING
⏳ Still running... Elapsed time: 54.0 minutes. Checking again in 30s...
ℹ️ Instance predsea-sim-20260808-203523 status: RUNNING
⏳ Still running... Elapsed time: 54.5 minutes. Checking again in 30s...
ℹ️ Instance predsea-sim-20260808-203523 status: RUNNING
⏳ Still running... Elapsed time: 55.0 minutes. Checking again in 30s...
ℹ️ Instance predsea-sim-20260808-203523 status: RUNNING
⏳ Still running... Elapsed time: 55.5 minutes. Checking again in 30s...
ℹ️ Instance predsea-sim-20260808-203523 status: RUNNING
⏳ Still running... Elapsed time: 56.1 minutes. Checking again in 30s...
ℹ️ Instance predsea-sim-20260808-203523 status: RUNNING
⏳ Still running... Elapsed time: 56.6 minutes. Checking again in 30s...
ℹ️ Instance predsea-sim-20260808-203523 status: RUNNING
⏳ Still running... Elapsed time: 57.1 minutes. Checking again in 30s...
ℹ️ Instance predsea-sim-20260808-203523 status: RUNNING
⏳ Still running... Elapsed time: 57.6 minutes. Checking again in 30s...
ℹ️ Instance predsea-sim-20260808-203523 status: RUNNING
⏳ Still running... Elapsed time: 58.1 minutes. Checking again in 30s...
ℹ️ Instance predsea-sim-20260808-203523 status: RUNNING
⏳ Still running... Elapsed time: 58.6 minutes. Checking again in 30s...
ℹ️ Instance predsea-sim-20260808-203523 status: RUNNING
⏳ Still running... Elapsed time: 59.1 minutes. Checking again in 30s...
ℹ️ Instance predsea-sim-20260808-203523 status: RUNNING
⏳ Still running... Elapsed time: 59.7 minutes. Checking again in 30s...
ℹ️ Instance predsea-sim-20260808-203523 status: RUNNING
⏳ Still running... Elapsed time: 60.2 minutes. Checking again in 30s...
ℹ️ Instance predsea-sim-20260808-203523 status: RUNNING
⏳ Still running... Elapsed time: 62.3 minutes. Checking again in 30s...
ℹ️ Instance predsea-sim-20260808-203523 status: RUNNING
⏳ Still running... Elapsed time: 77.8 minutes. Checking again in 30s...
ℹ️ Instance predsea-sim-20260808-203523 status: RUNNING
⏳ Still running... Elapsed time: 78.3 minutes. Checking again in 30s...
ℹ️ Instance predsea-sim-20260808-203523 status: RUNNING
⏳ Still running... Elapsed time: 78.8 minutes. Checking again in 30s...
ℹ️ Instance predsea-sim-20260808-203523 status: RUNNING
⏳ Still running... Elapsed time: 79.4 minutes. Checking again in 30s...
ℹ️ Instance predsea-sim-20260808-203523 status: RUNNING
⏳ Still running... Elapsed time: 79.9 minutes. Checking again in 30s...
ℹ️ Instance predsea-sim-20260808-203523 status: RUNNING
⏳ Still running... Elapsed time: 80.4 minutes. Checking again in 30s...
ℹ️ Instance predsea-sim-20260808-203523 status: RUNNING
⏳ Still running... Elapsed time: 80.9 minutes. Checking again in 30s...
ℹ️ Instance predsea-sim-20260808-203523 status: RUNNING
⏳ Still running... Elapsed time: 81.4 minutes. Checking again in 30s...
ℹ️ Instance predsea-sim-20260808-203523 status: RUNNING
⏳ Still running... Elapsed time: 82.0 minutes. Checking again in 30s...
ℹ️ Instance predsea-sim-20260808-203523 status: RUNNING
⏳ Still running... Elapsed time: 82.5 minutes. Checking again in 30s...
ℹ️ Instance predsea-sim-20260808-203523 status: RUNNING
⏳ Still running... Elapsed time: 83.0 minutes. Checking again in 30s...
ℹ️ Instance predsea-sim-20260808-203523 status: RUNNING
⏳ Still running... Elapsed time: 83.5 minutes. Checking again in 30s...
ℹ️ Instance predsea-sim-20260808-203523 status: RUNNING
⏳ Still running... Elapsed time: 84.0 minutes. Checking again in 30s...
ℹ️ Instance predsea-sim-20260808-203523 status: RUNNING
⏳ Still running... Elapsed time: 84.5 minutes. Checking again in 30s...
ℹ️ Instance predsea-sim-20260808-203523 status: RUNNING
⏳ Still running... Elapsed time: 85.1 minutes. Checking again in 30s...
ℹ️ Instance predsea-sim-20260808-203523 status: RUNNING
⏳ Still running... Elapsed time: 85.6 minutes. Checking again in 30s...
ℹ️ Instance predsea-sim-20260808-203523 status: RUNNING
⏳ Still running... Elapsed time: 86.1 minutes. Checking again in 30s...
ℹ️ Instance predsea-sim-20260808-203523 status: RUNNING
⏳ Still running... Elapsed time: 86.6 minutes. Checking again in 30s...
ℹ️ Instance predsea-sim-20260808-203523 status: RUNNING
⏳ Still running... Elapsed time: 87.2 minutes. Checking again in 30s...
ℹ️ Instance predsea-sim-20260808-203523 status: RUNNING
⏳ Still running... Elapsed time: 87.7 minutes. Checking again in 30s...
ℹ️ Instance predsea-sim-20260808-203523 status: RUNNING
⏳ Still running... Elapsed time: 88.3 minutes. Checking again in 30s...
ℹ️ Instance predsea-sim-20260808-203523 status: RUNNING
⏳ Still running... Elapsed time: 88.8 minutes. Checking again in 30s...
ℹ️ Instance predsea-sim-20260808-203523 status: RUNNING
⏳ Still running... Elapsed time: 89.4 minutes. Checking again in 30s...
ℹ️ Instance predsea-sim-20260808-203523 status: RUNNING
⏳ Still running... Elapsed time: 89.9 minutes. Checking again in 30s...
ℹ️ Instance predsea-sim-20260808-203523 status: RUNNING
⏳ Still running... Elapsed time: 90.5 minutes. Checking again in 30s...
ℹ️ Instance predsea-sim-20260808-203523 status: RUNNING
⏳ Still running... Elapsed time: 91.0 minutes. Checking again in 30s...
ℹ️ Instance predsea-sim-20260808-203523 status: RUNNING
⏳ Still running... Elapsed time: 91.6 minutes. Checking again in 30s...
ℹ️ Instance predsea-sim-20260808-203523 status: RUNNING
⏳ Still running... Elapsed time: 92.1 minutes. Checking again in 30s...
ℹ️ Instance predsea-sim-20260808-203523 status: RUNNING
⏳ Still running... Elapsed time: 92.6 minutes. Checking again in 30s...
ℹ️ Instance predsea-sim-20260808-203523 status: RUNNING
⏳ Still running... Elapsed time: 93.2 minutes. Checking again in 30s...
ℹ️ Instance predsea-sim-20260808-203523 status: RUNNING
⏳ Still running... Elapsed time: 93.7 minutes. Checking again in 30s...
ℹ️ Instance predsea-sim-20260808-203523 status: RUNNING
⏳ Still running... Elapsed time: 94.3 minutes. Checking again in 30s...
ℹ️ Instance predsea-sim-20260808-203523 status: RUNNING
⏳ Still running... Elapsed time: 94.8 minutes. Checking again in 30s...
ℹ️ Instance predsea-sim-20260808-203523 status: RUNNING
⏳ Still running... Elapsed time: 95.4 minutes. Checking again in 30s...
ℹ️ Instance predsea-sim-20260808-203523 status: RUNNING
⏳ Still running... Elapsed time: 110.9 minutes. Checking again in 30s...
ℹ️ Instance predsea-sim-20260808-203523 status: RUNNING
⏳ Still running... Elapsed time: 111.4 minutes. Checking again in 30s...
ℹ️ Instance predsea-sim-20260808-203523 status: RUNNING
⏳ Still running... Elapsed time: 111.9 minutes. Checking again in 30s...
ℹ️ Instance predsea-sim-20260808-203523 status: RUNNING
⏳ Still running... Elapsed time: 112.5 minutes. Checking again in 30s...
ℹ️ Instance predsea-sim-20260808-203523 status: RUNNING
⏳ Still running... Elapsed time: 113.0 minutes. Checking again in 30s...
ℹ️ Instance predsea-sim-20260808-203523 status: RUNNING
⏳ Still running... Elapsed time: 113.5 minutes. Checking again in 30s...
ℹ️ Instance predsea-sim-20260808-203523 status: RUNNING
⏳ Still running... Elapsed time: 114.0 minutes. Checking again in 30s...
ℹ️ Instance predsea-sim-20260808-203523 status: RUNNING
⏳ Still running... Elapsed time: 114.5 minutes. Checking again in 30s...
ℹ️ Instance predsea-sim-20260808-203523 status: RUNNING
⏳ Still running... Elapsed time: 115.0 minutes. Checking again in 30s...
ℹ️ Instance predsea-sim-20260808-203523 status: RUNNING
⏳ Still running... Elapsed time: 115.6 minutes. Checking again in 30s...
ℹ️ Instance predsea-sim-20260808-203523 status: RUNNING
⏳ Still running... Elapsed time: 116.1 minutes. Checking again in 30s...
ℹ️ Instance predsea-sim-20260808-203523 status: RUNNING
⏳ Still running... Elapsed time: 116.6 minutes. Checking again in 30s...
ℹ️ Instance predsea-sim-20260808-203523 status: RUNNING
⏳ Still running... Elapsed time: 117.1 minutes. Checking again in 30s...
ℹ️ Instance predsea-sim-20260808-203523 status: RUNNING
⏳ Still running... Elapsed time: 117.6 minutes. Checking again in 30s...
ℹ️ Instance predsea-sim-20260808-203523 status: RUNNING
⏳ Still running... Elapsed time: 118.2 minutes. Checking again in 30s...
ℹ️ Instance predsea-sim-20260808-203523 status: RUNNING
⏳ Still running... Elapsed time: 118.7 minutes. Checking again in 30s...
ℹ️ Instance predsea-sim-20260808-203523 status: RUNNING
⏳ Still running... Elapsed time: 119.2 minutes. Checking again in 30s...
ℹ️ Instance predsea-sim-20260808-203523 status: RUNNING
⏳ Still running... Elapsed time: 119.7 minutes. Checking again in 30s...
ℹ️ Instance predsea-sim-20260808-203523 status: RUNNING
⏳ Still running... Elapsed time: 120.2 minutes. Checking again in 30s...
ℹ️ Instance predsea-sim-20260808-203523 status: RUNNING
⏳ Still running... Elapsed time: 120.7 minutes. Checking again in 30s...
ℹ️ Instance predsea-sim-20260808-203523 status: RUNNING
⏳ Still running... Elapsed time: 121.2 minutes. Checking again in 30s...
ℹ️ Instance predsea-sim-20260808-203523 status: RUNNING
⏳ Still running... Elapsed time: 121.8 minutes. Checking again in 30s...
ℹ️ Instance predsea-sim-20260808-203523 status: RUNNING
⏳ Still running... Elapsed time: 122.3 minutes. Checking again in 30s...
ℹ️ Instance predsea-sim-20260808-203523 status: RUNNING
⏳ Still running... Elapsed time: 122.8 minutes. Checking again in 30s...
ℹ️ Instance predsea-sim-20260808-203523 status: RUNNING
⏳ Still running... Elapsed time: 123.3 minutes. Checking again in 30s...
ℹ️ Instance predsea-sim-20260808-203523 status: RUNNING
⏳ Still running... Elapsed time: 123.8 minutes. Checking again in 30s...
ℹ️ Instance predsea-sim-20260808-203523 status: RUNNING
⏳ Still running... Elapsed time: 124.3 minutes. Checking again in 30s...
ℹ️ Instance predsea-sim-20260808-203523 status: RUNNING
⏳ Still running... Elapsed time: 124.9 minutes. Checking again in 30s...
ℹ️ Instance predsea-sim-20260808-203523 status: RUNNING
⏳ Still running... Elapsed time: 125.4 minutes. Checking again in 30s...
ℹ️ Instance predsea-sim-20260808-203523 status: RUNNING
⏳ Still running... Elapsed time: 125.9 minutes. Checking again in 30s...
ℹ️ Instance predsea-sim-20260808-203523 status: RUNNING
⏳ Still running... Elapsed time: 126.4 minutes. Checking again in 30s...
ℹ️ Instance predsea-sim-20260808-203523 status: RUNNING
⏳ Still running... Elapsed time: 126.9 minutes. Checking again in 30s...
ℹ️ Instance predsea-sim-20260808-203523 status: RUNNING
⏳ Still running... Elapsed time: 127.4 minutes. Checking again in 30s...
ℹ️ Instance predsea-sim-20260808-203523 status: RUNNING
⏳ Still running... Elapsed time: 128.0 minutes. Checking again in 30s...
ℹ️ Instance predsea-sim-20260808-203523 status: RUNNING
⏳ Still running... Elapsed time: 128.5 minutes. Checking again in 30s...
ℹ️ Instance predsea-sim-20260808-203523 status: RUNNING
⏳ Still running... Elapsed time: 129.0 minutes. Checking again in 30s...
ℹ️ Instance predsea-sim-20260808-203523 status: RUNNING
⏳ Still running... Elapsed time: 129.5 minutes. Checking again in 30s...
ℹ️ Instance predsea-sim-20260808-203523 status: RUNNING
⏳ Still running... Elapsed time: 130.0 minutes. Checking again in 30s...
ℹ️ Instance predsea-sim-20260808-203523 status: RUNNING
⏳ Still running... Elapsed time: 130.5 minutes. Checking again in 30s...
ℹ️ Instance predsea-sim-20260808-203523 status: RUNNING
⏳ Still running... Elapsed time: 131.0 minutes. Checking again in 30s...
ℹ️ Instance predsea-sim-20260808-203523 status: RUNNING
⏳ Still running... Elapsed time: 131.6 minutes. Checking again in 30s...
ℹ️ Instance predsea-sim-20260808-203523 status: RUNNING
⏳ Still running... Elapsed time: 132.1 minutes. Checking again in 30s...
ℹ️ Instance predsea-sim-20260808-203523 status: RUNNING
⏳ Still running... Elapsed time: 132.6 minutes. Checking again in 30s...
ℹ️ Instance predsea-sim-20260808-203523 status: RUNNING
⏳ Still running... Elapsed time: 133.1 minutes. Checking again in 30s...
ℹ️ Instance predsea-sim-20260808-203523 status: RUNNING
⏳ Still running... Elapsed time: 133.6 minutes. Checking again in 30s...
ℹ️ Instance predsea-sim-20260808-203523 status: RUNNING
⏳ Still running... Elapsed time: 134.1 minutes. Checking again in 30s...
ℹ️ Instance predsea-sim-20260808-203523 status: RUNNING
⏳ Still running... Elapsed time: 134.7 minutes. Checking again in 30s...
ℹ️ Instance predsea-sim-20260808-203523 status: RUNNING
⏳ Still running... Elapsed time: 135.2 minutes. Checking again in 30s...
ℹ️ Instance predsea-sim-20260808-203523 status: RUNNING
⏳ Still running... Elapsed time: 135.7 minutes. Checking again in 30s...
ℹ️ Instance predsea-sim-20260808-203523 status: RUNNING
⏳ Still running... Elapsed time: 136.2 minutes. Checking again in 30s...
ℹ️ Instance predsea-sim-20260808-203523 status: RUNNING
⏳ Still running... Elapsed time: 136.7 minutes. Checking again in 30s...
ℹ️ Instance predsea-sim-20260808-203523 status: RUNNING
⏳ Still running... Elapsed time: 137.2 minutes. Checking again in 30s...
ℹ️ Instance predsea-sim-20260808-203523 status: RUNNING
⏳ Still running... Elapsed time: 137.8 minutes. Checking again in 30s...
ℹ️ Instance predsea-sim-20260808-203523 status: RUNNING
⏳ Still running... Elapsed time: 138.3 minutes. Checking again in 30s...
ℹ️ Instance predsea-sim-20260808-203523 status: RUNNING
⏳ Still running... Elapsed time: 138.8 minutes. Checking again in 30s...
ℹ️ Instance predsea-sim-20260808-203523 status: RUNNING
⏳ Still running... Elapsed time: 154.3 minutes. Checking again in 30s...
ℹ️ Instance predsea-sim-20260808-203523 status: RUNNING
⏳ Still running... Elapsed time: 154.8 minutes. Checking again in 30s...
ℹ️ Instance predsea-sim-20260808-203523 status: RUNNING
⏳ Still running... Elapsed time: 155.3 minutes. Checking again in 30s...
ℹ️ Instance predsea-sim-20260808-203523 status: RUNNING
⏳ Still running... Elapsed time: 155.9 minutes. Checking again in 30s...
ℹ️ Instance predsea-sim-20260808-203523 status: RUNNING
⏳ Still running... Elapsed time: 156.4 minutes. Checking again in 30s...
ℹ️ Instance predsea-sim-20260808-203523 status: RUNNING
⏳ Still running... Elapsed time: 156.9 minutes. Checking again in 30s...
ℹ️ Instance predsea-sim-20260808-203523 status: RUNNING
⏳ Still running... Elapsed time: 157.4 minutes. Checking again in 30s...
ℹ️ Instance predsea-sim-20260808-203523 status: RUNNING
⏳ Still running... Elapsed time: 157.9 minutes. Checking again in 30s...
ℹ️ Instance predsea-sim-20260808-203523 status: RUNNING
⏳ Still running... Elapsed time: 158.4 minutes. Checking again in 30s...
ℹ️ Instance predsea-sim-20260808-203523 status: RUNNING
⏳ Still running... Elapsed time: 159.0 minutes. Checking again in 30s...
ℹ️ Instance predsea-sim-20260808-203523 status: RUNNING
⏳ Still running... Elapsed time: 159.5 minutes. Checking again in 30s...
ℹ️ Instance predsea-sim-20260808-203523 status: RUNNING
⏳ Still running... Elapsed time: 160.0 minutes. Checking again in 30s...
ℹ️ Instance predsea-sim-20260808-203523 status: RUNNING
⏳ Still running... Elapsed time: 160.5 minutes. Checking again in 30s...
ℹ️ Instance predsea-sim-20260808-203523 status: RUNNING
⏳ Still running... Elapsed time: 161.0 minutes. Checking again in 30s...
ℹ️ Instance predsea-sim-20260808-203523 status: RUNNING
⏳ Still running... Elapsed time: 161.5 minutes. Checking again in 30s...
ℹ️ Instance predsea-sim-20260808-203523 status: RUNNING
⏳ Still running... Elapsed time: 162.0 minutes. Checking again in 30s...
ℹ️ Instance predsea-sim-20260808-203523 status: RUNNING
⏳ Still running... Elapsed time: 162.6 minutes. Checking again in 30s...
ℹ️ Instance predsea-sim-20260808-203523 status: RUNNING
⏳ Still running... Elapsed time: 163.1 minutes. Checking again in 30s...
ℹ️ Instance predsea-sim-20260808-203523 status: RUNNING
⏳ Still running... Elapsed time: 163.6 minutes. Checking again in 30s...
ℹ️ Instance predsea-sim-20260808-203523 status: RUNNING
⏳ Still running... Elapsed time: 164.1 minutes. Checking again in 30s...
ℹ️ Instance predsea-sim-20260808-203523 status: RUNNING
⏳ Still running... Elapsed time: 164.6 minutes. Checking again in 30s...
ℹ️ Instance predsea-sim-20260808-203523 status: RUNNING
⏳ Still running... Elapsed time: 165.1 minutes. Checking again in 30s...
ℹ️ Instance predsea-sim-20260808-203523 status: RUNNING
⏳ Still running... Elapsed time: 165.7 minutes. Checking again in 30s...
ℹ️ Instance predsea-sim-20260808-203523 status: RUNNING
⏳ Still running... Elapsed time: 166.2 minutes. Checking again in 30s...
ℹ️ Instance predsea-sim-20260808-203523 status: RUNNING
⏳ Still running... Elapsed time: 166.7 minutes. Checking again in 30s...
ℹ️ Instance predsea-sim-20260808-203523 status: RUNNING
⏳ Still running... Elapsed time: 167.2 minutes. Checking again in 30s...
ℹ️ Instance predsea-sim-20260808-203523 status: RUNNING
⏳ Still running... Elapsed time: 167.7 minutes. Checking again in 30s...
ℹ️ Instance predsea-sim-20260808-203523 status: RUNNING
⏳ Still running... Elapsed time: 168.2 minutes. Checking again in 30s...
ℹ️ Instance predsea-sim-20260808-203523 status: RUNNING
⏳ Still running... Elapsed time: 168.7 minutes. Checking again in 30s...
ℹ️ Instance predsea-sim-20260808-203523 status: RUNNING
⏳ Still running... Elapsed time: 169.3 minutes. Checking again in 30s...
ℹ️ Instance predsea-sim-20260808-203523 status: RUNNING
⏳ Still running... Elapsed time: 169.8 minutes. Checking again in 30s...
ℹ️ Instance predsea-sim-20260808-203523 status: RUNNING
⏳ Still running... Elapsed time: 170.3 minutes. Checking again in 30s...
ℹ️ Instance predsea-sim-20260808-203523 status: RUNNING
⏳ Still running... Elapsed time: 170.8 minutes. Checking again in 30s...
ℹ️ Instance predsea-sim-20260808-203523 status: RUNNING
⏳ Still running... Elapsed time: 171.3 minutes. Checking again in 30s...
ℹ️ Instance predsea-sim-20260808-203523 status: RUNNING
⏳ Still running... Elapsed time: 171.8 minutes. Checking again in 30s...
ℹ️ Instance predsea-sim-20260808-203523 status: RUNNING
⏳ Still running... Elapsed time: 172.4 minutes. Checking again in 30s...
ℹ️ Instance predsea-sim-20260808-203523 status: RUNNING
⏳ Still running... Elapsed time: 172.9 minutes. Checking again in 30s...
ℹ️ Instance predsea-sim-20260808-203523 status: RUNNING
⏳ Still running... Elapsed time: 173.4 minutes. Checking again in 30s...
ℹ️ Instance predsea-sim-20260808-203523 status: RUNNING
⏳ Still running... Elapsed time: 173.9 minutes. Checking again in 30s...
ℹ️ Instance predsea-sim-20260808-203523 status: RUNNING
⏳ Still running... Elapsed time: 174.4 minutes. Checking again in 30s...
ℹ️ Instance predsea-sim-20260808-203523 status: RUNNING
⏳ Still running... Elapsed time: 174.9 minutes. Checking again in 30s...
ℹ️ Instance predsea-sim-20260808-203523 status: RUNNING
⏳ Still running... Elapsed time: 175.4 minutes. Checking again in 30s...
ℹ️ Instance predsea-sim-20260808-203523 status: RUNNING
⏳ Still running... Elapsed time: 176.0 minutes. Checking again in 30s...
ℹ️ Instance predsea-sim-20260808-203523 status: RUNNING
⏳ Still running... Elapsed time: 176.5 minutes. Checking again in 30s...
ℹ️ Instance predsea-sim-20260808-203523 status: RUNNING
⏳ Still running... Elapsed time: 177.0 minutes. Checking again in 30s...
ℹ️ Instance predsea-sim-20260808-203523 status: RUNNING
⏳ Still running... Elapsed time: 177.5 minutes. Checking again in 30s...
ℹ️ Instance predsea-sim-20260808-203523 status: RUNNING
⏳ Still running... Elapsed time: 178.0 minutes. Checking again in 30s...
ℹ️ Instance predsea-sim-20260808-203523 status: RUNNING
⏳ Still running... Elapsed time: 178.5 minutes. Checking again in 30s...
ℹ️ Instance predsea-sim-20260808-203523 status: RUNNING
⏳ Still running... Elapsed time: 179.1 minutes. Checking again in 30s...
ℹ️ Instance predsea-sim-20260808-203523 status: RUNNING
⏳ Still running... Elapsed time: 179.6 minutes. Checking again in 30s...
ℹ️ Instance predsea-sim-20260808-203523 status: RUNNING
⏳ Still running... Elapsed time: 180.1 minutes. Checking again in 30s...
ℹ️ Instance predsea-sim-20260808-203523 status: RUNNING
⏳ Still running... Elapsed time: 180.6 minutes. Checking again in 30s...
ℹ️ Instance predsea-sim-20260808-203523 status: RUNNING
⏳ Still running... Elapsed time: 181.1 minutes. Checking again in 30s...
ℹ️ Instance predsea-sim-20260808-203523 status: RUNNING
⏳ Still running... Elapsed time: 181.6 minutes. Checking again in 30s...
ℹ️ Instance predsea-sim-20260808-203523 status: RUNNING
⏳ Still running... Elapsed time: 182.2 minutes. Checking again in 30s...
ℹ️ Instance predsea-sim-20260808-203523 status: RUNNING
⏳ Still running... Elapsed time: 182.7 minutes. Checking again in 30s...
ℹ️ Instance predsea-sim-20260808-203523 status: RUNNING
⏳ Still running... Elapsed time: 183.2 minutes. Checking again in 30s...
ℹ️ Instance predsea-sim-20260808-203523 status: RUNNING
⏳ Still running... Elapsed time: 183.7 minutes. Checking again in 30s...
ℹ️ Instance predsea-sim-20260808-203523 status: RUNNING
⏳ Still running... Elapsed time: 184.2 minutes. Checking again in 30s...
ℹ️ Instance predsea-sim-20260808-203523 status: RUNNING
⏳ Still running... Elapsed time: 184.7 minutes. Checking again in 30s...
ℹ️ Instance predsea-sim-20260808-203523 status: RUNNING
⏳ Still running... Elapsed time: 185.2 minutes. Checking again in 30s...
ℹ️ Instance predsea-sim-20260808-203523 status: RUNNING
⏳ Still running... Elapsed time: 185.8 minutes. Checking again in 30s...
ℹ️ Instance predsea-sim-20260808-203523 status: RUNNING
⏳ Still running... Elapsed time: 186.3 minutes. Checking again in 30s...
ℹ️ Instance predsea-sim-20260808-203523 status: RUNNING
⏳ Still running... Elapsed time: 186.8 minutes. Checking again in 30s...
ℹ️ Instance predsea-sim-20260808-203523 status: RUNNING
⏳ Still running... Elapsed time: 187.3 minutes. Checking again in 30s...
ℹ️ Instance predsea-sim-20260808-203523 status: RUNNING
⏳ Still running... Elapsed time: 187.8 minutes. Checking again in 30s...
ℹ️ Instance predsea-sim-20260808-203523 status: RUNNING
⏳ Still running... Elapsed time: 188.3 minutes. Checking again in 30s...
ℹ️ Instance predsea-sim-20260808-203523 status: RUNNING
⏳ Still running... Elapsed time: 188.9 minutes. Checking again in 30s...
ℹ️ Instance predsea-sim-20260808-203523 status: RUNNING
⏳ Still running... Elapsed time: 189.4 minutes. Checking again in 30s...
ℹ️ Instance predsea-sim-20260808-203523 status: RUNNING
⏳ Still running... Elapsed time: 189.9 minutes. Checking again in 30s...
ℹ️ Instance predsea-sim-20260808-203523 status: RUNNING
⏳ Still running... Elapsed time: 190.4 minutes. Checking again in 30s...
ℹ️ Instance predsea-sim-20260808-203523 status: RUNNING
⏳ Still running... Elapsed time: 190.9 minutes. Checking again in 30s...
ℹ️ Instance predsea-sim-20260808-203523 status: RUNNING
⏳ Still running... Elapsed time: 191.4 minutes. Checking again in 30s...
ℹ️ Instance predsea-sim-20260808-203523 status: RUNNING
⏳ Still running... Elapsed time: 191.9 minutes. Checking again in 30s...
ℹ️ Instance predsea-sim-20260808-203523 status: RUNNING
⏳ Still running... Elapsed time: 192.5 minutes. Checking again in 30s...
ℹ️ Instance predsea-sim-20260808-203523 status: RUNNING
⏳ Still running... Elapsed time: 193.0 minutes. Checking again in 30s...
ℹ️ Instance predsea-sim-20260808-203523 status: RUNNING
⏳ Still running... Elapsed time: 193.5 minutes. Checking again in 30s...
ℹ️ Instance predsea-sim-20260808-203523 status: RUNNING
⏳ Still running... Elapsed time: 194.0 minutes. Checking again in 30s...
ℹ️ Instance predsea-sim-20260808-203523 status: RUNNING
⏳ Still running... Elapsed time: 194.5 minutes. Checking again in 30s...
ℹ️ Instance predsea-sim-20260808-203523 status: RUNNING
⏳ Still running... Elapsed time: 195.1 minutes. Checking again in 30s...
ℹ️ Instance predsea-sim-20260808-203523 status: RUNNING
⏳ Still running... Elapsed time: 195.6 minutes. Checking again in 30s...
ℹ️ Instance predsea-sim-20260808-203523 status: RUNNING
⏳ Still running... Elapsed time: 196.1 minutes. Checking again in 30s...
ℹ️ Instance predsea-sim-20260808-203523 status: RUNNING
⏳ Still running... Elapsed time: 196.6 minutes. Checking again in 30s...
ℹ️ Instance predsea-sim-20260808-203523 status: RUNNING
⏳ Still running... Elapsed time: 197.1 minutes. Checking again in 30s...
ℹ️ Instance predsea-sim-20260808-203523 status: RUNNING
⏳ Still running... Elapsed time: 197.6 minutes. Checking again in 30s...
ℹ️ Instance predsea-sim-20260808-203523 status: RUNNING
⏳ Still running... Elapsed time: 198.1 minutes. Checking again in 30s...
ℹ️ Instance predsea-sim-20260808-203523 status: RUNNING
⏳ Still running... Elapsed time: 198.7 minutes. Checking again in 30s...
ℹ️ Instance predsea-sim-20260808-203523 status: RUNNING
⏳ Still running... Elapsed time: 199.2 minutes. Checking again in 30s...
ℹ️ Instance predsea-sim-20260808-203523 status: RUNNING
⏳ Still running... Elapsed time: 199.7 minutes. Checking again in 30s...
ℹ️ Instance predsea-sim-20260808-203523 status: RUNNING
⏳ Still running... Elapsed time: 200.2 minutes. Checking again in 30s...
ℹ️ Instance predsea-sim-20260808-203523 status: RUNNING
⏳ Still running... Elapsed time: 200.7 minutes. Checking again in 30s...
ℹ️ Instance predsea-sim-20260808-203523 status: RUNNING
⏳ Still running... Elapsed time: 201.2 minutes. Checking again in 30s...
ℹ️ Instance predsea-sim-20260808-203523 status: RUNNING
⏳ Still running... Elapsed time: 201.8 minutes. Checking again in 30s...
ℹ️ Instance predsea-sim-20260808-203523 status: RUNNING
⏳ Still running... Elapsed time: 202.3 minutes. Checking again in 30s...
ℹ️ Instance predsea-sim-20260808-203523 status: RUNNING
⏳ Still running... Elapsed time: 202.8 minutes. Checking again in 30s...
ℹ️ Instance predsea-sim-20260808-203523 status: RUNNING
⏳ Still running... Elapsed time: 203.3 minutes. Checking again in 30s...
ℹ️ Instance predsea-sim-20260808-203523 status: RUNNING
⏳ Still running... Elapsed time: 203.8 minutes. Checking again in 30s...
ℹ️ Instance predsea-sim-20260808-203523 status: RUNNING
⏳ Still running... Elapsed time: 204.3 minutes. Checking again in 30s...
ℹ️ Instance predsea-sim-20260808-203523 status: RUNNING
⏳ Still running... Elapsed time: 204.8 minutes. Checking again in 30s...
ℹ️ Instance predsea-sim-20260808-203523 status: RUNNING
⏳ Still running... Elapsed time: 205.4 minutes. Checking again in 30s...
ℹ️ Instance predsea-sim-20260808-203523 status: RUNNING
⏳ Still running... Elapsed time: 205.9 minutes. Checking again in 30s...
ℹ️ Instance predsea-sim-20260808-203523 status: RUNNING
⏳ Still running... Elapsed time: 206.4 minutes. Checking again in 30s...
ℹ️ Instance predsea-sim-20260808-203523 status: RUNNING
⏳ Still running... Elapsed time: 206.9 minutes. Checking again in 30s...
ℹ️ Instance predsea-sim-20260808-203523 status: RUNNING
⏳ Still running... Elapsed time: 207.4 minutes. Checking again in 30s...
ℹ️ Instance predsea-sim-20260808-203523 status: RUNNING
⏳ Still running... Elapsed time: 207.9 minutes. Checking again in 30s...
ℹ️ Instance predsea-sim-20260808-203523 status: RUNNING
⏳ Still running... Elapsed time: 208.5 minutes. Checking again in 30s...
ℹ️ Instance predsea-sim-20260808-203523 status: RUNNING
⏳ Still running... Elapsed time: 209.0 minutes. Checking again in 30s...
ℹ️ Instance predsea-sim-20260808-203523 status: RUNNING
⏳ Still running... Elapsed time: 209.5 minutes. Checking again in 30s...
ℹ️ Instance predsea-sim-20260808-203523 status: RUNNING
⏳ Still running... Elapsed time: 210.0 minutes. Checking again in 30s...
ℹ️ Instance predsea-sim-20260808-203523 status: RUNNING
⏳ Still running... Elapsed time: 210.5 minutes. Checking again in 30s...
ℹ️ Instance predsea-sim-20260808-203523 status: RUNNING
⏳ Still running... Elapsed time: 211.0 minutes. Checking again in 30s...
ℹ️ Instance predsea-sim-20260808-203523 status: RUNNING
⏳ Still running... Elapsed time: 211.6 minutes. Checking again in 30s...
ℹ️ Instance predsea-sim-20260808-203523 status: RUNNING
⏳ Still running... Elapsed time: 212.1 minutes. Checking again in 30s...
ℹ️ Instance predsea-sim-20260808-203523 status: RUNNING
⏳ Still running... Elapsed time: 212.6 minutes. Checking again in 30s...
ℹ️ Instance predsea-sim-20260808-203523 status: RUNNING
⏳ Still running... Elapsed time: 213.1 minutes. Checking again in 30s...
ℹ️ Instance predsea-sim-20260808-203523 status: RUNNING
⏳ Still running... Elapsed time: 213.6 minutes. Checking again in 30s...
ℹ️ Instance predsea-sim-20260808-203523 status: RUNNING
⏳ Still running... Elapsed time: 214.1 minutes. Checking again in 30s...
ℹ️ Instance predsea-sim-20260808-203523 status: RUNNING
⏳ Still running... Elapsed time: 214.7 minutes. Checking again in 30s...
ℹ️ Instance predsea-sim-20260808-203523 status: RUNNING
⏳ Still running... Elapsed time: 215.2 minutes. Checking again in 30s...
ℹ️ Instance predsea-sim-20260808-203523 status: RUNNING
⏳ Still running... Elapsed time: 215.7 minutes. Checking again in 30s...
ℹ️ Instance predsea-sim-20260808-203523 status: RUNNING
⏳ Still running... Elapsed time: 216.2 minutes. Checking again in 30s...
ℹ️ Instance predsea-sim-20260808-203523 status: RUNNING
⏳ Still running... Elapsed time: 216.7 minutes. Checking again in 30s...
ℹ️ Instance predsea-sim-20260808-203523 status: RUNNING
⏳ Still running... Elapsed time: 217.2 minutes. Checking again in 30s...
ℹ️ Instance predsea-sim-20260808-203523 status: RUNNING
⏳ Still running... Elapsed time: 217.8 minutes. Checking again in 30s...
ℹ️ Instance predsea-sim-20260808-203523 status: RUNNING
⏳ Still running... Elapsed time: 218.3 minutes. Checking again in 30s...
ℹ️ Instance predsea-sim-20260808-203523 status: RUNNING
⏳ Still running... Elapsed time: 218.8 minutes. Checking again in 30s...
ℹ️ Instance predsea-sim-20260808-203523 status: RUNNING
⏳ Still running... Elapsed time: 219.3 minutes. Checking again in 30s...
ℹ️ Instance predsea-sim-20260808-203523 status: RUNNING
⏳ Still running... Elapsed time: 219.8 minutes. Checking again in 30s...
ℹ️ Instance predsea-sim-20260808-203523 status: RUNNING
⏳ Still running... Elapsed time: 220.3 minutes. Checking again in 30s...
ℹ️ Instance predsea-sim-20260808-203523 status: RUNNING
⏳ Still running... Elapsed time: 220.9 minutes. Checking again in 30s...
ℹ️ Instance predsea-sim-20260808-203523 status: RUNNING
⏳ Still running... Elapsed time: 221.4 minutes. Checking again in 30s...
ℹ️ Instance predsea-sim-20260808-203523 status: RUNNING
⏳ Still running... Elapsed time: 221.9 minutes. Checking again in 30s...
ℹ️ Instance predsea-sim-20260808-203523 status: RUNNING
⏳ Still running... Elapsed time: 222.4 minutes. Checking again in 30s...
ℹ️ Instance predsea-sim-20260808-203523 status: RUNNING
⏳ Still running... Elapsed time: 222.9 minutes. Checking again in 30s...
ℹ️ Instance predsea-sim-20260808-203523 status: RUNNING
⏳ Still running... Elapsed time: 223.4 minutes. Checking again in 30s...
ℹ️ Instance predsea-sim-20260808-203523 status: RUNNING
⏳ Still running... Elapsed time: 223.9 minutes. Checking again in 30s...
ℹ️ Instance predsea-sim-20260808-203523 status: RUNNING
⏳ Still running... Elapsed time: 224.5 minutes. Checking again in 30s...
ℹ️ Instance predsea-sim-20260808-203523 status: RUNNING
⏳ Still running... Elapsed time: 225.0 minutes. Checking again in 30s...
ℹ️ Instance predsea-sim-20260808-203523 status: RUNNING
⏳ Still running... Elapsed time: 225.5 minutes. Checking again in 30s...
ℹ️ Instance predsea-sim-20260808-203523 status: RUNNING
⏳ Still running... Elapsed time: 226.0 minutes. Checking again in 30s...
ℹ️ Instance predsea-sim-20260808-203523 status: RUNNING
⏳ Still running... Elapsed time: 226.5 minutes. Checking again in 30s...
ℹ️ Instance predsea-sim-20260808-203523 status: RUNNING
⏳ Still running... Elapsed time: 227.0 minutes. Checking again in 30s...
ℹ️ Instance predsea-sim-20260808-203523 status: RUNNING
⏳ Still running... Elapsed time: 227.6 minutes. Checking again in 30s...
ℹ️ Instance predsea-sim-20260808-203523 status: RUNNING
⏳ Still running... Elapsed time: 228.1 minutes. Checking again in 30s...
ℹ️ Instance predsea-sim-20260808-203523 status: RUNNING
⏳ Still running... Elapsed time: 229.0 minutes. Checking again in 30s...
ℹ️ Instance predsea-sim-20260808-203523 status: RUNNING
⏳ Still running... Elapsed time: 229.5 minutes. Checking again in 30s...
ℹ️ Instance predsea-sim-20260808-203523 status: RUNNING
⏳ Still running... Elapsed time: 230.0 minutes. Checking again in 30s...
ℹ️ Instance predsea-sim-20260808-203523 status: RUNNING
⏳ Still running... Elapsed time: 230.5 minutes. Checking again in 30s...
ℹ️ Instance predsea-sim-20260808-203523 status: RUNNING
⏳ Still running... Elapsed time: 231.1 minutes. Checking again in 30s...
ℹ️ Instance predsea-sim-20260808-203523 status: RUNNING
⏳ Still running... Elapsed time: 231.6 minutes. Checking again in 30s...
ℹ️ Instance predsea-sim-20260808-203523 status: RUNNING
⏳ Still running... Elapsed time: 232.1 minutes. Checking again in 30s...
ℹ️ Instance predsea-sim-20260808-203523 status: RUNNING
⏳ Still running... Elapsed time: 232.6 minutes. Checking again in 30s...
ℹ️ Instance predsea-sim-20260808-203523 status: RUNNING
⏳ Still running... Elapsed time: 233.1 minutes. Checking again in 30s...
ℹ️ Instance predsea-sim-20260808-203523 status: RUNNING
⏳ Still running... Elapsed time: 233.6 minutes. Checking again in 30s...
ℹ️ Instance predsea-sim-20260808-203523 status: RUNNING
⏳ Still running... Elapsed time: 234.2 minutes. Checking again in 30s...
ℹ️ Instance predsea-sim-20260808-203523 status: RUNNING
⏳ Still running... Elapsed time: 234.7 minutes. Checking again in 30s...
ℹ️ Instance predsea-sim-20260808-203523 status: RUNNING
⏳ Still running... Elapsed time: 235.2 minutes. Checking again in 30s...
ℹ️ Instance predsea-sim-20260808-203523 status: RUNNING
⏳ Still running... Elapsed time: 235.7 minutes. Checking again in 30s...
ℹ️ Instance predsea-sim-20260808-203523 status: RUNNING
⏳ Still running... Elapsed time: 236.2 minutes. Checking again in 30s...
ℹ️ Instance predsea-sim-20260808-203523 status: RUNNING
⏳ Still running... Elapsed time: 236.7 minutes. Checking again in 30s...
ℹ️ Instance predsea-sim-20260808-203523 status: RUNNING
⏳ Still running... Elapsed time: 237.3 minutes. Checking again in 30s...
ℹ️ Instance predsea-sim-20260808-203523 status: RUNNING
⏳ Still running... Elapsed time: 237.8 minutes. Checking again in 30s...
ℹ️ Instance predsea-sim-20260808-203523 status: RUNNING
⏳ Still running... Elapsed time: 238.3 minutes. Checking again in 30s...
ℹ️ Instance predsea-sim-20260808-203523 status: RUNNING
⏳ Still running... Elapsed time: 238.8 minutes. Checking again in 30s...
ℹ️ Instance predsea-sim-20260808-203523 status: RUNNING
⏳ Still running... Elapsed time: 239.3 minutes. Checking again in 30s...
ℹ️ Instance predsea-sim-20260808-203523 status: RUNNING
⏳ Still running... Elapsed time: 239.8 minutes. Checking again in 30s...

!!!!!!!!!!!!!!!!!!!!!!!!!!!!!!!!!!!!!!!!!!!!!!!!!!!!!!!!!!!!
🚨 PREDSEA_PIPELINE_CRITICAL_FAILURE: WRF simulation timed out after 4.0 hours
!!!!!!!!!!!!!!!!!!!!!!!!!!!!!!!!!!!!!!!!!!!!!!!!!!!!!!!!!!!!

📢 NOTIFICATION: ❌ PredSea Pipeline Failure: Run 2026-08-08 failed. Error: WRF simulation timed out after 4.0 hours
